词,频次,主题,例句
哈哈哈,888,情感与互动,papi酱的春晚预测: 哈哈哈哈哈哈哈哈哈; 【旧曲新歌奥密克戎】2022春晚押题相声: 哈哈哈会玩; 求求各位，不要再押题春晚小品了……: 那太好了，今年网上也都是包饺子，希望也没有哈哈哈哈哈哈; 2024春晚小品饱和式押题第一季！饺砸一次包个够~~: 哈哈哈哈哈哈经典河南方言; 二进制小品: 哈哈哈哈哈哈哈哈; 2024春晚小品饱和式押题第一季！饺砸一次包个够~~: 哈哈哈哈哈; 无偿送给今年的春晚导演组: 哈哈哈哈哈哈哈; papi酱的春晚预测: 哈哈哈哈哈; 无偿送给今年的春晚导演组: 哈哈哈哈逐渐离谱了起来; 求求各位，不要再押题春晚小品了……: 哈哈哈; papi酱的春晚预测: 预言家刀了哈哈哈; 2024春晚小品押题《三胎》: 哈哈哈哈哈，对味儿了; 有烂梗的春晚才叫过年呐: 这个我笑了哈哈哈哈哈哈哈; 2024春晚小品饱和式押题第一季！饺砸一次包个够~~: 这老演员怎么老笑场哈哈哈哈; 你觉得今年春晚最有可能出现哪些梗？: 哈哈哈哈哈哈哈哈哈; 二进制小品: 哈哈哈哈哈哈哈哈哈哈哈哈; 8秒看完2025年春晚: 哈哈哈哈; 我想看这样的春晚: 成毅杂技真的绷不住了哈哈哈哈哈哈哈哈; papi酱的春晚预测: 哈哈哈太准了; 无偿送给今年的春晚导演组: 哈哈哈哈哈哈哈哈哈哈哈哈哈哈哈; 【旧曲新歌奥密克戎】2022春晚押题相声: 呵呵哈哈哈哈; 二模卷成功押中春晚真题  看看是怎么个事儿2024春晚小品押题二模卷《小土豆与锅包肉》: 味儿太重了哈哈哈哈哈; 2024春晚小品押题《三胎》: 哈哈哈哈好的，生孩子的人不存在了; 求求各位，不要再押题春晚小品了……: 但这个我都没记住，哈哈哈; 无偿送给今年的春晚导演组: 硬套热梗也太像了哈哈哈; 无偿送给今年的春晚导演组: 哈哈哈哈哈哈哈哈哈哈哈哈哈哈哈哈哈哈哈; 2024春晚小品饱和式押题第一季！饺砸一次包个够~~: 哈哈哈哈哈哈哈哈哈哈哈; 你觉得今年春晚最有可能出现哪些梗？: 演技倍棒啊哈哈哈; papi酱的春晚预测: 哈哈哈哈哈味好浓; 求求各位，不要再押题春晚小品了……: 哈哈哈哈哈哈; papi酱的春晚预测: 哈哈哈哈哈哈哈哈哈哈哈哈; 无偿送给今年的春晚导演组: 所以不结啦哈哈哈; 我想看这样的春晚: 成毅来个杂技哈哈哈哈确实可以; 史上最尬！逆天吐槽2023兔年春晚，语言类节目实至名归！: 哈哈哈; 无偿送给今年的春晚导演组: 蚌埠住了哈哈哈哈; papi酱的春晚预测: 这五分钟咋这么长哈哈哈哈哈; 2024春晚小品押题《三胎》: 三棱锥笑死我了哈哈哈哈; 你觉得今年春晚最有可能出现哪些梗？: 牛逼哈哈哈。; papi酱的春晚预测: 现在都神舟十五了哈哈哈哈（关注点错误）; 2024春晚小品饱和式押题第一季！饺砸一次包个够~~: 哈哈哈哈哈哈; 求求各位，不要再押题春晚小品了……: 笑死我了哈哈哈哈; 无偿送给今年的春晚导演组: 哈哈哈哈哈哈哈哈哈哈哈哈哈哈哈哈很美的精神状态; papi酱的春晚预测: 2023年了，我怎么刷出了17年的视频哈哈哈哈; 2024春晚小品饱和式押题第一季！饺砸一次包个够~~: 你们别把春晚导演的灵感都演完了，那他怎么办哈哈哈哈哈哈哈哈哈; 2024春晚小品饱和式押题第一季！饺砸一次包个够~~: 哈哈哈，这不成明目张胆的抢外卖了吗; 二模卷成功押中春晚真题  看看是怎么个事儿2024春晚小品押题二模卷《小土豆与锅包肉》: 飞马哈哈哈哈哈哈哈哈; 2024春晚小品押题《三胎》: 哈哈哈; 2024春晚小品饱和式押题第一季！饺砸一次包个够~~: 又笑场了哈哈哈; 无偿送给今年的春晚导演组: 所以，，不结啦，哈哈哈哈; 2024春晚小品押题《三胎》: 一直都没笑，直到弹幕有人说“二战转折点”，我tm笑死了好哈哈哈哈哈哈哈哈哈哈; 2024春晚小品押题《三胎》: 哈哈哈哈; 二模卷成功押中春晚真题  看看是怎么个事儿2024春晚小品押题二模卷《小土豆与锅包肉》: 巧妙，哈哈哈哈哈哈哈; 2024春晚小品押题《三胎》: 哈哈哈哈哈哈哈哈; 2024春晚小品饱和式押题第一季！饺砸一次包个够~~: 里面是鞋，哈哈哈; 【旧曲新歌奥密克戎】2022春晚押题相声: 哈哈哈哈哈哈哈哈哈哈哈哈; 有烂梗的春晚才叫过年呐: 这啥梗啊哈哈哈我都不知道; 无偿送给今年的春晚导演组: 小亮哥哈哈哈哈哈哈; 二模卷成功押中春晚真题  看看是怎么个事儿2024春晚小品押题二模卷《小土豆与锅包肉》: 就是这个味，哈哈哈; 2024春晚小品饱和式押题第一季！饺砸一次包个够~~: 哈哈哈; 《2025年蛇年春晚烂梗小品精选》: 左上角哈哈哈哈哈哈; 2024春晚小品饱和式押题第一季！饺砸一次包个够~~: 我就不说，哈哈哈; 2024春晚小品饱和式押题第一季！饺砸一次包个够~~: 哈哈哈哈哈车载娃娃; papi酱的春晚预测: 哈哈哈哈哈哈哈我也是2023回来看; 2024春晚小品押题《三胎》: 哈哈哈哈哈哈哈; 我想看这样的春晚: 这个节目单 我准时准点蹲着看哈哈哈哈哈哈; papi酱的春晚预测: papi醬不怕破音嗎哈哈哈哈哈; 我想看这样的春晚: 哈哈哈哈哈哈张颂文张译哈哈哈哈哈哈哈哈哈; 2024春晚小品饱和式押题第一季！饺砸一次包个够~~: 我怀疑你俩就为了让对方笑场哈哈哈哈哈哈; 2024春晚小品押题《三胎》: 好厉害啊哈哈哈哈; 无偿送给今年的春晚导演组: 哈哈哈哈哈哈哈哈哈哈哈哈哈哈哈哈哈哈哈哈哈; 2024春晚小品押题《三胎》: 哈哈哈哈哈哈; 我想看这样的春晚: 哈哈哈哈哈哈哈哈哈哈哈; 你觉得今年春晚最有可能出现哪些梗？: 有感觉了，哈哈哈哈; 史上最尬！逆天吐槽2023兔年春晚，语言类节目实至名归！: 突然发现这几个眼睛都好小哈哈哈; 2024春晚小品饱和式押题第一季！饺砸一次包个够~~: 哈哈哈哈哈哈哈哈; 我想看这样的春晚: 三小只哈哈哈哈; 2024春晚小品饱和式押题第一季！饺砸一次包个够~~: 哈哈哈！; papi酱的春晚预测: 哈哈哈哈哈哈哈哈哈哈哈哈哈或或; 我想看这样的春晚: 哈哈哈哈哈哈哈; 有烂梗的春晚才叫过年呐: 哈哈哈哈; 2024春晚小品饱和式押题第一季！饺砸一次包个够~~: 这抖动哈哈哈！！; 我想看这样的春晚: 这个支持 疯狂支持 哈哈哈哈哈！！！！！！！！; 【旧曲新歌奥密克戎】2022春晚押题相声: 林俊杰可还行哈哈哈哈哈; 我想看这样的春晚: 成毅来杂役，他得吓个半死哈哈哈哈哈哈; 二进制小品: 哈哈哈哈; papi酱的春晚预测: 哈哈哈哈哈感觉papi都要哭了; 无偿送给今年的春晚导演组: 你绝对说对了，哈哈哈…（锤桌！）; 你觉得今年春晚最有可能出现哪些梗？: 哈哈哈哈哈哈哈哈哈哈
看,477,春晚内容相关,史上最尬！逆天吐槽2023兔年春晚，语言类节目实至名归！: 李诞看得老开心了; 求求各位，不要再押题春晚小品了……: 问题出在还有人看; 你觉得今年春晚最有可能出现哪些梗？: 这黑土的眼神，看上去是有点智慧在身上的; 2024春晚小品饱和式押题第一季！饺砸一次包个够~~: 看得出左边这个要绷不住了; 2024春晚小品饱和式押题第一季！饺砸一次包个够~~: 看了一半了实在看不动了; 史上最尬！逆天吐槽2023兔年春晚，语言类节目实至名归！: 这个我都没看。; 二进制小品: 我竟然能看懂他要说的是啥; 史上最尬！逆天吐槽2023兔年春晚，语言类节目实至名归！: 王宁的表演一直很。。。特别是欢乐喜剧人的东西看到就想。。。。; 8秒看完2025年春晚: 该留着春晚看的; 你觉得今年春晚最有可能出现哪些梗？: 看不到弹幕; papi酱的春晚预测: 那你看看！（2023了，我爱豆的口头禅还是哈哈哈）; 2024春晚小品饱和式押题第一季！饺砸一次包个够~~: 感觉看完了十年的春晚; 史上最尬！逆天吐槽2023兔年春晚，语言类节目实至名归！: 看辽视的欢乐大米粒; 史上最尬！逆天吐槽2023兔年春晚，语言类节目实至名归！: 坑确实挺好看的; 求求各位，不要再押题春晚小品了……: 问题是这吗？南方的观众（不一定看）要的是去北方化，好不好不重要; 二进制小品: 只有中国人能看懂; papi酱的春晚预测: 好想看春晚和这个的混剪哈哈哈哈; 2024春晚小品饱和式押题第一季！饺砸一次包个够~~: 比30晚上的好看多了，哈哈; 史上最尬！逆天吐槽2023兔年春晚，语言类节目实至名归！: 观众看后脑勺; 2025年春晚押题小品之《再见老登》: 这下看懂了; 2024春晚小品饱和式押题第一季！饺砸一次包个够~~: 春晚没你不看; 2024春晚小品饱和式押题第一季！饺砸一次包个够~~: 春节导演看了之后紧急重新排练; 2025春晚小品预测，这届网友太有才了: 6666666这春晚也没什么好看的了; papi酱的春晚预测: 2023年来会看啦; 2025年春晚押题小品之《再见老登》: 看来今年要好好看春晚了; 我想看这样的春晚: 求你去做春晚导演吧！！我也想看！！; 有烂梗的春晚才叫过年呐: 坏了，这个是真好看; 史上最尬！逆天吐槽2023兔年春晚，语言类节目实至名归！: 看名字都没兴趣了; 史上最尬！逆天吐槽2023兔年春晚，语言类节目实至名归！: 看到这里可以了 别往后看了哈哈哈; 2024春晚小品押题《三胎》: 当众表演生孩子倒还是挺有看头; 二进制小品: 鉴定为比春晚好看; 二进制小品: 竟然看懂了; 求求各位，不要再押题春晚小品了……: 无所谓，up押的挺好看的，留着过年的时候看; 求求各位，不要再押题春晚小品了……: 还好我没看; 《2025年蛇年春晚烂梗小品精选》: 你一点都不累，快继续看吧(看到了传给下一个视频); 你觉得今年春晚最有可能出现哪些梗？: 比春晚好看; papi酱的春晚预测: 还没看到huonifang; 史上最尬！逆天吐槽2023兔年春晚，语言类节目实至名归！: 这种门票送我我都不会去看长眼睛; 【旧曲新歌奥密克戎】2022春晚押题相声: 说生三胎的朋友一定没看注意UP更新稿件; 无偿送给今年的春晚导演组: 从来不看; 求求各位，不要再押题春晚小品了……: 你竟然还有打算看春晚？不上班吗; 你觉得今年春晚最有可能出现哪些梗？: 172人认真观看是吧; 2025春晚小品预测，这届网友太有才了: 五年没看过了; 二进制小品: 我竟然能看懂（; 无偿送给今年的春晚导演组: 我去年好像没看春晚; 《2025年蛇年春晚烂梗小品精选》: 666早知道这么精彩留到春晚再看了; 二进制小品: 靠差点看成魏大勋
春晚,406,春晚内容相关,papi酱的春晚预测: 提前看完2023春晚了; 求求各位，不要再押题春晚小品了……: 今年春晚第一个小品预制菜真香; 求求各位，不要再押题春晚小品了……: 别给春晚提供思路了; 2025春晚小品预测，这届网友太有才了: 我觉得春晚也别播了，没意思; 2025年春晚押题小品之《再见老登》: 春晚没你两我不看; 求求各位，不要再押题春晚小品了……: 行了，已经断定了，你比春晚有意思！; 有烂梗的春晚才叫过年呐: 上春晚了刷好评必须刷好评; 《2025年蛇年春晚烂梗小品精选》: 不得不说，这个创意比春晚好; 2024春晚小品饱和式押题第一季！饺砸一次包个够~~: 考前十页纸，春晚知识点全掌握; 2024春晚小品饱和式押题第一季！饺砸一次包个够~~: 看了11分钟，已经想吐了，很难想象真正看春晚的人的心情; 我想看这样的春晚: 禹宙中欣保底，竹林四侠更好，春晚就靠你了; 【旧曲新歌奥密克戎】2022春晚押题相声: up主这嗓子差点儿，要不也能上春晚; 求求各位，不要再押题春晚小品了……: 无所貂尾啊，我又不看春晚; 2024春晚小品饱和式押题第一季！饺砸一次包个够~~: 别说，看得我有点期待今年的春晚了; 求求各位，不要再押题春晚小品了……: 5年没看春晚了，; 你觉得今年春晚最有可能出现哪些梗？: 比春晚好看; 2025春晚小品预测，这届网友太有才了: 导演：今年就靠春晚挣了一个亿而已; 【旧曲新歌奥密克戎】2022春晚押题相声: 感觉比真的春晚还好; 史上最尬！逆天吐槽2023兔年春晚，语言类节目实至名归！: 演技很好？至少在这个春晚节目上，他聒噪得想让人锤死他，这就是本山大叔说的太油了。; 2025春晚小品预测，这届网友太有才了: 不是吧，除了老年人，谁还看春晚，365天，天天被教育，过个年也要被教育; 2025春晚小品预测，这届网友太有才了: 春晚？那是什么玩意儿？我年夜饭那么多好吃的，可不想吐……; 你觉得今年春晚最有可能出现哪些梗？: 加入春晚收藏夹; 二进制小品: 比春晚好笑; 史上最尬！逆天吐槽2023兔年春晚，语言类节目实至名归！: 这口才不上春晚可惜了; 你觉得今年春晚最有可能出现哪些梗？: 春晚你们上，我指定看！; 2025春晚小品预测，这届网友太有才了: 现在的春晚谁看啊; 2024春晚小品押题《三胎》: 押题了，不知道还以为在看春晚; 2025春晚小品预测，这届网友太有才了: 啊 春晚吧是倒闭了么 原来还有在播啊; 你觉得今年春晚最有可能出现哪些梗？: 春晚小品实录; 2025春晚小品预测，这届网友太有才了: 想看春晚直播脚裴; 《2025年蛇年春晚烂梗小品精选》: 666早知道这么精彩留到春晚再看了; 2025春晚小品预测，这届网友太有才了: 打算春晚就看那个挖地铁和盗墓的小品，然后耍手机了; 2024春晚小品饱和式押题第一季！饺砸一次包个够~~: 感觉看完了十年的春晚; 《2025年蛇年春晚烂梗小品精选》: 我去提前看春晚了; 求求各位，不要再押题春晚小品了……: 建议没有春晚; 我想看这样的春晚: 支持张颂文上春晚！！; 2025春晚小品预测，这届网友太有才了: 现在谁还看春晚啊; 二模卷成功押中春晚真题  看看是怎么个事儿2024春晚小品押题二模卷《小土豆与锅包肉》: 2024春晚终极预测五套卷; 2024春晚小品饱和式押题第一季！饺砸一次包个够~~: 家里有你俩还看什么春晚啊，你俩可比春晚好看多了; 求求各位，不要再押题春晚小品了……: 现在看春晚的心烦
2023,325,年度与时间,papi酱的春晚预测: 2023考古; papi酱的春晚预测: 2023年; papi酱的春晚预测: 2023年咧; papi酱的春晚预测: 2023年打卡哈哈哈哈; papi酱的春晚预测: 2023再来; papi酱的春晚预测: 2023考古，这些梗好怀念; papi酱的春晚预测: 2023年一月看，PAPI很腻害; papi酱的春晚预测: 2023年前来押题; papi酱的春晚预测: 2023年报道！！; papi酱的春晚预测: 2023打卡; papi酱的春晚预测: 哈哈哈哈，2023年依然适用; papi酱的春晚预测: 2023年来回顾; papi酱的春晚预测: 只因？2023传越来的; papi酱的春晚预测: 2023依然实用！; papi酱的春晚预测: 2023-1-16; papi酱的春晚预测: 2023年来打卡，刚解封不久; papi酱的春晚预测: 2023年11月27考古; papi酱的春晚预测: 2023前来考古复习; papi酱的春晚预测: 2023年起来考古; papi酱的春晚预测: 2023年1月来考古; papi酱的春晚预测: 马上2023年的春完了; papi酱的春晚预测: 玛雅现在2023年; papi酱的春晚预测: 2023春晚你好 ，还和2017春晚一样没啥变化; papi酱的春晚预测: 2023的回来复习; papi酱的春晚预测: 听见傅园慧出去看了眼时间……谁懂，我看2023也这样; papi酱的春晚预测: 2023来的; papi酱的春晚预测: 来自2023年的网友表示估计春节还是这个套路; papi酱的春晚预测: 好快，已经该2023春晚了; papi酱的春晚预测: 现在是2023年; papi酱的春晚预测: 2023年12月31日晚上; papi酱的春晚预测: 2023刷一次; papi酱的春晚预测: 我2023年来的哈哈
年,304,年度与时间,无偿送给今年的春晚导演组: 等一下老公不是去非洲一年了吗; papi酱的春晚预测: 2023年 预测一波; 无偿送给今年的春晚导演组: 你一年都在田间帮助农民兄弟们啥了; papi酱的春晚预测: 居然是17年的视频; papi酱的春晚预测: 今年春晚必有催婚，生孩子我立flag; 2025春晚小品预测，这届网友太有才了: 以前春晚年初一二重播还会看，现在看毛线; papi酱的春晚预测: 23年了还有一百多个人和我一起看; papi酱的春晚预测: 期待2023年。。。23年11月打卡; 求求各位，不要再押题春晚小品了……: 编剧：今年反其道而行之，把押题的全用上，反向押题; papi酱的春晚预测: 我的天呐，我以为是拍段子，没想到是2017年; 求求各位，不要再押题春晚小品了……: 那不是挺好的吗，我到好奇今年的有多炸裂; 2025春晚小品预测，这届网友太有才了: 大过年的还得被教育有病; 【旧曲新歌奥密克戎】2022春晚押题相声: 今年是姜昆; papi酱的春晚预测: 可是傅园慧真的很可爱 即使现在已经2023年了; 二进制小品: 过年好; papi酱的春晚预测: 2023年12月前来考古; papi酱的春晚预测: 2023 年来; 【旧曲新歌奥密克戎】2022春晚押题相声: woc感觉会比今年的精彩; 我想看这样的春晚: 省流，八十岁正是拼的年纪; papi酱的春晚预测: 好多年了; papi酱的春晚预测: 2023年1月来考古; papi酱的春晚预测: 但凡坤哥出道早一年（; 2024春晚小品押题《三胎》: 60年后你和大伟90啦; 求求各位，不要再押题春晚小品了……: 能不能让一年一度喜剧大赛的上; papi酱的春晚预测: 卧槽这是17年的视频。。。？; 2025春晚小品预测，这届网友太有才了: 五年没看过了; 2024春晚小品饱和式押题第一季！饺砸一次包个够~~: 我给大家拜个早年; 求求各位，不要再押题春晚小品了……: 只会刷新去年春晚下限; papi酱的春晚预测: 现在是——————2023年！; 2024春晚小品饱和式押题第一季！饺砸一次包个够~~: 年夜饭吃预制菜
饺子,228,春晚内容相关,史上最尬！逆天吐槽2023兔年春晚，语言类节目实至名归！: 吃饺子~; 2024春晚小品押题《三胎》: 上饺子了; 8秒看完2025年春晚: 春晚这么多年说饺子，广东人真的一点共鸣都没有; 二模卷成功押中春晚真题  看看是怎么个事儿2024春晚小品押题二模卷《小土豆与锅包肉》: 省流:最后有包饺子; 无偿送给今年的春晚导演组: 终于包饺子啦; 2024春晚小品押题《三胎》: 饺子的小曲; 二模卷成功押中春晚真题  看看是怎么个事儿2024春晚小品押题二模卷《小土豆与锅包肉》: 直接包饺子吧; 二进制小品: 饺饺子？绝绝子！; 2024春晚小品押题《三胎》: 饺子上场了！; 二进制小品: 《你饺子》; 无偿送给今年的春晚导演组: 饺子饺子饺饺子; 2024春晚小品押题《三胎》: 《包饺子的小曲》; 二进制小品: 啊啊啊啊啊啊啊啊啊家里人正好问我吃不吃饺子; 求求各位，不要再押题春晚小品了……: 改的那些个破玩意，还不如包饺子呢。; 二进制小品: 饺子饺子饺子饺; 求求各位，不要再押题春晚小品了……: 包饺子砸; 无偿送给今年的春晚导演组: 包饺子了; 求求各位，不要再押题春晚小品了……: 小品《包饺子》; 二模卷成功押中春晚真题  看看是怎么个事儿2024春晚小品押题二模卷《小土豆与锅包肉》: 饺子，赶紧的; 8秒看完2025年春晚: 生下来包饺子; 二进制小品: 天津饭 这辈子说的饺子都没你们多; 无偿送给今年的春晚导演组: 我先来，绝对有包饺子
啊啊啊,219,情感与互动,我想看这样的春晚: 啊啊啊啊啊啊我已经快笑死了; 我想看这样的春晚: 苦了成毅不能苦我们啊啊啊啊！！！; 我想看这样的春晚: 许嵩啊啊啊啊嵩哥有品啊啊啊啊啊啊啊！！; 无偿送给今年的春晚导演组: 啊啊啊啊啊啊啊啊啊啊啊啊啊啊啊啊啊; papi酱的春晚预测: 救命啊啊啊啊; 我想看这样的春晚: 我支持啊啊啊啊啊啊啊啊啊啊，我们宇宙中心; 我想看这样的春晚: 啊啊啊啊啊啊啊啊啊支持禹昼中欣; 二模卷成功押中春晚真题  看看是怎么个事儿2024春晚小品押题二模卷《小土豆与锅包肉》: 啊啊啊啊啊现在才发现有多尬; 2024春晚小品押题《三胎》: 啊啊啊啊啊啊啊啊啊啊啊; 2024春晚小品押题《三胎》: 啊啊啊啊; 我想看这样的春晚: 啊啊啊啊啊啊啊啊啊啊啊啊啊; papi酱的春晚预测: 别吃了我啊啊啊啊啊啊啊啊; 2024春晚小品押题《三胎》: 啊啊啊我要似了; 2024春晚小品押题《三胎》: 啊啊啊啊啊啊啊啊啊啊啊啊啊啊啊啊啊啊啊; papi酱的春晚预测: 哈哈哈哈哈哈哈哈太春晚了啊啊啊; papi酱的春晚预测: 2024了啊啊啊啊啊; 2024春晚小品押题《三胎》: 啊啊啊啊啊啊要死; 2025年春晚押题小品之《再见老登》: 史啊啊啊啊; 我想看这样的春晚: 啊啊啊李子柒！！！这个真喜欢！！！还有九月！！！; 无偿送给今年的春晚导演组: 哼哼哼啊啊啊啊啊啊啊啊啊啊要来力（全喜）; 二模卷成功押中春晚真题  看看是怎么个事儿2024春晚小品押题二模卷《小土豆与锅包肉》: 啊啊啊押上了！！！！
笑,158,情感与互动,史上最尬！逆天吐槽2023兔年春晚，语言类节目实至名归！: 有一说一马旭东在喜剧大赛里表演真的好，演的村长真的笑死我; 你觉得今年春晚最有可能出现哪些梗？: 黑土眼神笑死; 2024春晚小品押题《三胎》: 突然笑不出来; 《2025年蛇年春晚烂梗小品精选》: 不好笑，但是好笑; 2024春晚小品饱和式押题第一季！饺砸一次包个够~~: 笑死了; 2024春晚小品饱和式押题第一季！饺砸一次包个够~~: 高越这眼神我笑死了; 求求各位，不要再押题春晚小品了……: 笑死我了; 2024春晚小品饱和式押题第一季！饺砸一次包个够~~: 笑场不断; 《2025年蛇年春晚烂梗小品精选》: 标题出来我释怀地笑; 2025春晚小品预测，这届网友太有才了: 笑死; 2024春晚小品押题《三胎》: 我突然释怀的笑; 无偿送给今年的春晚导演组: 开什么玩笑，要吐了; 2024春晚小品饱和式押题第一季！饺砸一次包个够~~: 哈哈哈哈 笑场了啊; 2024春晚小品饱和式押题第一季！饺砸一次包个够~~: 这老演员怎么还笑场了呢？; 2025春晚小品预测，这届网友太有才了: 没仔细看，回来给你点个赞，笑死我了↑
小品,153,春晚内容相关,史上最尬！逆天吐槽2023兔年春晚，语言类节目实至名归！: 这里小品的作者没表达明白。他们穿的是海魂衫，估计他想表达因为军恋才导致感情不太好，军嫂确实不容易，因为海军长年在外执行任务; 求求各位，不要再押题春晚小品了……: 他们在用一种很新的方式演小品; 《2025年蛇年春晚烂梗小品精选》: 比春晚小品演员演技好; papi酱的春晚预测: 救命，孙涛和秦岚的那个小品; 你觉得今年春晚最有可能出现哪些梗？: 昨晚刚n刷赵本山小品; 求求各位，不要再押题春晚小品了……: 相声小品一定要有教育意义！（; 【旧曲新歌奥密克戎】2022春晚押题相声: 就是因为以前的才爱看，现在的小品能叫小品？; 我想看这样的春晚: 王妈团队可以演个小品; 史上最尬！逆天吐槽2023兔年春晚，语言类节目实至名归！: 孙涛的小品没意思; papi酱的春晚预测: 春晚小品尬取流行梗; 2025春晚小品预测，这届网友太有才了: 打算春晚就看那个挖地铁和盗墓的小品，然后耍手机了; 求求各位，不要再押题春晚小品了……: 军旅小品：？？？; 求求各位，不要再押题春晚小品了……: 没小品最好，看得我尬死了; 我想看这样的春晚: 焖豆角可以改成《包饺子》，别忘了贾冰小品是包饺子重灾区……; 求求各位，不要再押题春晚小品了……: 以前沈腾演的扶不扶记了好几年 好小品真的可以记住
孩子,117,春晚内容相关,2024春晚小品押题《三胎》: 你自己不能照顾自己啊？生孩子就是带着目的来照顾你，真是无语; 2024春晚小品押题《三胎》: 有没有可能，这个孩子他不出生，他就没有负担; 2024春晚小品押题《三胎》: 三个孩子都不孝顺咋办？; 《2025年蛇年春晚烂梗小品精选》: 脚底也有孩子; 2024春晚小品押题《三胎》: nt，生一个大的孩子是不是得管小的孩子，谁负担大; 2024春晚小品押题《三胎》: 早点走，孩子就没负担了; 2025春晚小品预测，这届网友太有才了: 要想富少生孩子多种树; 无偿送给今年的春晚导演组: 没有孩子让街坊帮帮忙吧; 2024春晚小品押题《三胎》: 三个孩子一起啃老; 2024春晚小品押题《三胎》: 你看着我俩现场造孩子怎么样; 2024春晚小品押题《三胎》: 养孩子不是负担？？
考古,117,其他,papi酱的春晚预测: 奥米克荣时代考古; papi酱的春晚预测: 2025年6月前来考古，这几年都这样; papi酱的春晚预测: 2021过来考古，哎！要疯了啊啊啊啊啊都是流量看个鬼; papi酱的春晚预测: 考古好好玩; papi酱的春晚预测: 2025年前来考古; papi酱的春晚预测: 2027春晚考古; papi酱的春晚预测: 2023前来考古; papi酱的春晚预测: 2024年1月25日21:53:23前来考古; papi酱的春晚预测: 2023年11月27考古; papi酱的春晚预测: 2022年考古; papi酱的春晚预测: 2023春晚考古
上,105,其他,2024春晚小品押题《三胎》: 盲猜结尾怀上了; 有烂梗的春晚才叫过年呐: 不行，这个礼物没有送到她都心趴上; 二模卷成功押中春晚真题  看看是怎么个事儿2024春晚小品押题二模卷《小土豆与锅包肉》: 春晚节目六月就送上去审核了，这波押中的可能性不大; 我想看这样的春晚: 天哪，上春山都一年了。; 我想看这样的春晚: 禹宙中欣给我上！！！！！！！！; 二模卷成功押中春晚真题  看看是怎么个事儿2024春晚小品押题二模卷《小土豆与锅包肉》: 啥也别说了，赶紧上饺子吧; 求求各位，不要再押题春晚小品了……: 还不如就把这些都用上，观众看个开心，反而不尬了; 8秒看完2025年春晚: 全赶上了; 史上最尬！逆天吐槽2023兔年春晚，语言类节目实至名归！: 这口才不上春晚可惜了; 2024春晚小品饱和式押题第一季！饺砸一次包个够~~: 上价值
照相馆,104,春晚内容相关,无偿送给今年的春晚导演组: 初见照相馆，又见照相馆，再见照相馆，回家丶照相馆; 2024春晚小品饱和式押题第一季！饺砸一次包个够~~: 又见照相馆; 求求各位，不要再押题春晚小品了……: 但是初见照相馆。。。; 2024春晚小品饱和式押题第一季！饺砸一次包个够~~: 再见照相馆; 求求各位，不要再押题春晚小品了……: 出生照相馆; 史上最尬！逆天吐槽2023兔年春晚，语言类节目实至名归！: 初生照相馆; 2024春晚小品饱和式押题第一季！饺砸一次包个够~~: 又双叒叕照相馆; 无偿送给今年的春晚导演组: 再见照相馆h; 无偿送给今年的春晚导演组: 续集不是叫《畜牲照相馆》吗; 二模卷成功押中春晚真题  看看是怎么个事儿2024春晚小品押题二模卷《小土豆与锅包肉》: 要说尬的还真不如照相馆，这虽然玩烂梗，但起码还看得下去
支持,100,情感与互动,我想看这样的春晚: 我支持啊啊啊啊啊啊啊啊啊啊，我们宇宙中心; 我想看这样的春晚: 这个我支持; 《2025年蛇年春晚烂梗小品精选》: 除帮助外的一切支持; 我想看这样的春晚: 啊啊啊啊啊啊支持支持豹豹猫猫！！！; 我想看这样的春晚: 支持TFBOYS合体！！！; 我想看这样的春晚: 支持！！！！！！！！！！！！！！！; 我想看这样的春晚: 许嵩是吧，支持; 我想看这样的春晚: 支持给王妈团队留一桌; 求求各位，不要再押题春晚小品了……: 支持，改了还不如原来那几个有意思; 我想看这样的春晚: 支持支持
到,98,年度与时间,二模卷成功押中春晚真题  看看是怎么个事儿2024春晚小品押题二模卷《小土豆与锅包肉》: 已经看到结局了哈哈; 你觉得今年春晚最有可能出现哪些梗？: 看不到弹幕; papi酱的春晚预测: 欢迎来到经 典 款直播间; 我想看这样的春晚: 看到这里立刻蹦起来投了两个币啊啊啊啊啊啊啊啊啊啊啊啊啊！！！; 2024春晚小品押题《三胎》: 好笑吗不是所有人怀的都是圆的，我的亲戚怀的就是尖的我每次看都会被吓到; 《2025年蛇年春晚烂梗小品精选》: 过年投屏到电视上看; 史上最尬！逆天吐槽2023兔年春晚，语言类节目实至名归！: 王宁的表演一直很。。。特别是欢乐喜剧人的东西看到就想。。。。; 有烂梗的春晚才叫过年呐: 三国杀干到，快去刷好评; 8秒看完2025年春晚: 刚到大学赶上了科派诺毁内脏蛋白粉
2024,98,年度与时间,papi酱的春晚预测: 2024年了，再来一遍; 2024春晚小品饱和式押题第一季！饺砸一次包个够~~: 2024来嗑一口; papi酱的春晚预测: 2024也这样; papi酱的春晚预测: 2024霍主任进papi演播室考古; papi酱的春晚预测: 2024年继续用; papi酱的春晚预测: 2024又来一遍; papi酱的春晚预测: 2024来回顾 时间过得真快; papi酱的春晚预测: 2024我来了; papi酱的春晚预测: 2024年1月2日
梗,97,春晚内容相关,无偿送给今年的春晚导演组: 硬套热梗也太像了哈哈哈; 2024春晚小品押题《三胎》: 喜欢玩烂梗？; 《2025年蛇年春晚烂梗小品精选》: 完蛋了，每一个梗我都知道; 二模卷成功押中春晚真题  看看是怎么个事儿2024春晚小品押题二模卷《小土豆与锅包肉》: 这句太流行了，春晚没这么新的梗; 2024春晚小品饱和式押题第一季！饺砸一次包个够~~: 玩梗高手; 《2025年蛇年春晚烂梗小品精选》: 梗乱入; 二模卷成功押中春晚真题  看看是怎么个事儿2024春晚小品押题二模卷《小土豆与锅包肉》: 这个梗应该不会采用吧; 二模卷成功押中春晚真题  看看是怎么个事儿2024春晚小品押题二模卷《小土豆与锅包肉》: 这梗不会有; 《2025年蛇年春晚烂梗小品精选》: 细节梗鬼
笑死,97,情感与互动,无偿送给今年的春晚导演组: 笑死啦; 2024春晚小品押题《三胎》: 一直都没笑，直到弹幕有人说“二战转折点”，我tm笑死了好哈哈哈哈哈哈哈哈哈哈; 无偿送给今年的春晚导演组: 哈哈哈笑死我了; 2025年春晚押题小品之《再见老登》: 这梗也太密 笑死我了; 2024春晚小品饱和式押题第一季！饺砸一次包个够~~: 哈哈哈哈笑死，提前看完春晚; 你觉得今年春晚最有可能出现哪些梗？: 四六级耳机 笑死; 2024春晚小品押题《三胎》: 哈哈哈笑死了，你居然是假孕; 2024春晚小品饱和式押题第一季！饺砸一次包个够~~: 笑死了; 2024春晚小品押题《三胎》: 怎么觉得看过 笑死了
逆天,95,吐槽与负面情绪,无偿送给今年的春晚导演组: 逆天了; 二模卷成功押中春晚真题  看看是怎么个事儿2024春晚小品押题二模卷《小土豆与锅包肉》: 逆天哈哈哈哈哈哈哈; 无偿送给今年的春晚导演组: 最逆天小品; 史上最尬！逆天吐槽2023兔年春晚，语言类节目实至名归！: 逆天了哈哈哈; 2025年春晚押题小品之《再见老登》: 逆天; 2025春晚小品预测，这届网友太有才了: 逆天; 无偿送给今年的春晚导演组: 哈哈哈哈哈哈哈哈逆天; 无偿送给今年的春晚导演组: 就你吗逆天; 《2025年蛇年春晚烂梗小品精选》: 逆天谢帝
个,92,其他,【旧曲新歌奥密克戎】2022春晚押题相声: up是个狠人的; 史上最尬！逆天吐槽2023兔年春晚，语言类节目实至名归！: 虽然看了，但除了这个坑其它的完全没有记忆点。说他是小品不好找，说他是话剧没有深度。就等于几个演员台上尬演，今年我可能真不看了; 我想看这样的春晚: 我了个逗，我才发现没关注; 2024春晚小品押题《三胎》: 这个是真的有点儿好笑; 我想看这样的春晚: 那三个！！狂落泪！是TFBOYS吗！; 史上最尬！逆天吐槽2023兔年春晚，语言类节目实至名归！: 前面那个看不懂的，多大啦？; 2024春晚小品押题《三胎》: 六个哪儿来的？; 2024春晚小品饱和式押题第一季！饺砸一次包个够~~: 我嘞个爆豆; 《2025年蛇年春晚烂梗小品精选》: 完蛋了，每一个梗我都知道
包饺子,92,春晚内容相关,2024春晚小品饱和式押题第一季！饺砸一次包个够~~: 包饺子; 2024春晚小品押题《三胎》: 盲猜结尾真的怀上了，大家一起包饺子; 2024春晚小品饱和式押题第一季！饺砸一次包个够~~: 好了区up主+包饺子区up主; 2025年春晚押题小品之《再见老登》: 包饺子; 2024春晚小品押题《三胎》: 《包饺子的小曲》; 2024春晚小品饱和式押题第一季！饺砸一次包个够~~: 什么你为什么要警察局包饺子; 2024春晚小品押题《三胎》: 省流：包饺子; 史上最尬！逆天吐槽2023兔年春晚，语言类节目实至名归！: 包饺子; 2024春晚小品押题《三胎》: 省流:包饺子
让,90,其他,二进制小品: 千万不要让外国人看见。; 2024春晚小品押题《三胎》: 平常要脚趾扣地就算了，过年的都不让我的脚趾休息休息，救命; 【旧曲新歌奥密克戎】2022春晚押题相声: 有一说一，让他俩旧曲新歌也比某些节目要好; 二进制小品: 可恶，我们班就有个人外号叫饺子，你让我以后怎么正视她？; 2025春晚小品预测，这届网友太有才了: 我说过话，那春晚就应该是粗的带一点俗，但不是不文明的而是有限度的，能让人开怀笑的，现在是什么年终奖晚会吗？; 二模卷成功押中春晚真题  看看是怎么个事儿2024春晚小品押题二模卷《小土豆与锅包肉》: 你这样怎还让春晚怎么活; 2024春晚小品饱和式押题第一季！饺砸一次包个够~~: 我怀疑你俩就为了让对方笑场哈哈哈哈哈哈; 无偿送给今年的春晚导演组: 高手！开局五秒让我尬住; 2024春晚小品押题《三胎》: 孕育一个孩子是为了让他孝敬自己?有没有想过孩子愿不愿意。
想,84,其他,papi酱的春晚预测: 这个节目是以后不想混了？; 我想看这样的春晚: 卧槽啊啊啊啊这个我想看; 2025年春晚押题小品之《再见老登》: 好啦！！！我这么做，只是想多跟你们说句话呀; 2024春晚小品饱和式押题第一季！饺砸一次包个够~~: 优衣库的念想可不兴说啊; papi酱的春晚预测: 我的天呐，我以为是拍段子，没想到是2017年; 无偿送给今年的春晚导演组: 哭得想死; 2025春晚小品预测，这届网友太有才了: 自己都养不活，还想我拖家带口; 史上最尬！逆天吐槽2023兔年春晚，语言类节目实至名归！: 我觉得想宫野真守
还有,84,其他,2024春晚小品饱和式押题第一季！饺砸一次包个够~~: 还有call back哈哈哈; 【旧曲新歌奥密克戎】2022春晚押题相声: 老胡还有这手呢爱了爱了; 2025春晚小品预测，这届网友太有才了: 去年的科目三谁还有人记得吗？; 2024春晚小品押题《三胎》: 还有小丽啊; 史上最尬！逆天吐槽2023兔年春晚，语言类节目实至名归！: 还有:狂躁; 史上最尬！逆天吐槽2023兔年春晚，语言类节目实至名归！: 还有舍得酒广告; 无偿送给今年的春晚导演组: 我的妈还有意外收获！; 我想看这样的春晚: 还有斌斌
6,81,年度与时间,papi酱的春晚预测: 这个在2023年套模板和神州十五肩并肩，6; papi酱的春晚预测: 2023考古（都6年啦……; 2024春晚小品押题《三胎》: 一分钟过去后代表时间走过了60秒; 【旧曲新歌奥密克戎】2022春晚押题相声: 距离春晚还有6天; 2024春晚小品饱和式押题第一季！饺砸一次包个够~~: 666 点题了; 【旧曲新歌奥密克戎】2022春晚押题相声: 1234567; 二模卷成功押中春晚真题  看看是怎么个事儿2024春晚小品押题二模卷《小土豆与锅包肉》: 所有菜加一起68不贵啊; 2024春晚小品押题《三胎》: 6啊
感觉,80,情感与互动,papi酱的春晚预测: 我感觉不是嘲讽吧 里面的都是春晚老人了; 2024春晚小品押题《三胎》: 6，太6了，感觉被裹了小脑; papi酱的春晚预测: 俄罗斯人应该会感觉不舒服吧，别拿有名望的人乱玩。。。。。。。; 2024春晚小品押题《三胎》: 哈？？？离谱，突然感觉我数学不好; 2024春晚小品押题《三胎》: 看着好恐怖 剧情有种恐怖谷的感觉; 求求各位，不要再押题春晚小品了……: 去年晚上看小品，确实感觉像听邻居吵了一晚上架; papi酱的春晚预测: 讲真我还是蛮喜欢冯巩的。也见过本尊，感觉就一言难尽; 2024春晚小品押题《三胎》: 看完感觉脑子被抢建了
开始,80,其他,2024春晚小品押题《三胎》: 已经开始玩王者荣耀了; 我想看这样的春晚: 我光听着就已经开始乐了; 2024春晚小品饱和式押题第一季！饺砸一次包个够~~: 已经开始尴尬了; 2024春晚小品押题《三胎》: 开始煽情; papi酱的春晚预测: 已经开始尬了哈哈哈哈哈; 求求各位，不要再押题春晚小品了……: 没错首先它，2022年。他包了饺子。迫于压力他在2023年换成了包团子。今年他就要开始打年糕了。(〜￣▽￣)〜; 2024春晚小品押题《三胎》: 血压开始上来了; 《2025年蛇年春晚烂梗小品精选》: 开局押韵起手已经开始恶心了
又,79,其他,2025春晚小品预测，这届网友太有才了: 懒婆娘的裹脚布又长又臭; 2024春晚小品押题《三胎》: 又不是养不起，只是有钱不敢花; 无偿送给今年的春晚导演组: 初见照相馆，又见照相馆，再见照相馆，回家丶照相馆; 2024春晚小品押题《三胎》: 又不是养不起，指白米饭管饱; 无偿送给今年的春晚导演组: 又尬又好笑; 2024春晚小品饱和式押题第一季！饺砸一次包个够~~: 又双叒叕照相馆; 2024春晚小品饱和式押题第一季！饺砸一次包个够~~: 《又见照相馆》
比,74,情感与互动,papi酱的春晚预测: 这可比春晚有意思哈哈哈哈; 求求各位，不要再押题春晚小品了……: 比起一部分人被折磨，所有人都被折磨不更好; 史上最尬！逆天吐槽2023兔年春晚，语言类节目实至名归！: 原版比这好看多了真的; 二模卷成功押中春晚真题  看看是怎么个事儿2024春晚小品押题二模卷《小土豆与锅包肉》: 比春晚幽默; 【旧曲新歌奥密克戎】2022春晚押题相声: 有一说一，让他俩旧曲新歌也比某些节目要好; 史上最尬！逆天吐槽2023兔年春晚，语言类节目实至名归！: 这几个人长的比说的好笑; 史上最尬！逆天吐槽2023兔年春晚，语言类节目实至名归！: 罗南：你俩比星爵还尬知道么
懂,74,情感与互动,二进制小品: 为什么听懂了; 二进制小品: 懂了懂了; 二进制小品: 谁懂啊，看明白了; 《2025年蛇年春晚烂梗小品精选》: 全听懂是不是没救了; 《2025年蛇年春晚烂梗小品精选》: 一个也听不懂; 二模卷成功押中春晚真题  看看是怎么个事儿2024春晚小品押题二模卷《小土豆与锅包肉》: 看不懂的回小学学语文，总价和单价; 2025年春晚押题小品之《再见老登》: 听懂掌声
饺,72,春晚内容相关,二进制小品: 可恶，我们班就有个人外号叫饺子，你让我以后怎么正视她？; 2024春晚小品饱和式押题第一季！饺砸一次包个够~~: 我滴天呐 我还得再听十分钟包饺砸！; papi酱的春晚预测: 包饺子啦～; 8秒看完2025年春晚: 饺子饺子饺饺子; 2024春晚小品饱和式押题第一季！饺砸一次包个够~~: 吃不下了，真吃不下饺子了; 2024春晚小品押题《三胎》: 饺子，饺子饺子，饺饺子; 二模卷成功押中春晚真题  看看是怎么个事儿2024春晚小品押题二模卷《小土豆与锅包肉》: 包饺子咯
挺,71,情感与互动,【旧曲新歌奥密克戎】2022春晚押题相声: 词挺好，唱得确实跟专业的没法比; 2024春晚小品押题《三胎》: 数学挺好; papi酱的春晚预测: 本来挺喜欢papi酱的; 【旧曲新歌奥密克戎】2022春晚押题相声: 哎 挺伤感的 当年春晚的节目多棒啊; 2025年春晚押题小品之《再见老登》: 挺好笑的; 《2025年蛇年春晚烂梗小品精选》: 挺有意思的，至少我笑了一下; 2024春晚小品押题《三胎》: 我还挺想看的
好笑,68,情感与互动,有烂梗的春晚才叫过年呐: 不行了，这个比原来的三折叠还好笑。; 2024春晚小品押题《三胎》: 居然有点好笑; papi酱的春晚预测: 这句还真特么有点好笑啊啊啊啊啊啊; 2024春晚小品饱和式押题第一季！饺砸一次包个够~~: 真的好笑; 2024春晚小品押题《三胎》: 还挺好笑哈哈哈; 史上最尬！逆天吐槽2023兔年春晚，语言类节目实至名归！: 有个频道李宗恒也上了 真的好笑 和他视频创作风格
能,68,其他,有烂梗的春晚才叫过年呐: 这也能蒸？; 求求各位，不要再押题春晚小品了……: 好的，我一看就知道这个题材也不能用了; 二进制小品: 只有中国人能看懂; papi酱的春晚预测: 有没有可能，预言对了是因为导演也看这个视频了; 二模卷成功押中春晚真题  看看是怎么个事儿2024春晚小品押题二模卷《小土豆与锅包肉》: 没有科目三怎么能完美呢; 2024春晚小品押题《三胎》: 你自己不能照顾自己啊？生孩子就是带着目的来照顾你，真是无语
生,67,其他,8秒看完2025年春晚: 饺子生孩子; 2025春晚小品预测，这届网友太有才了: 现在干什么，人都特别多，还要生; 2024春晚小品饱和式押题第一季！饺砸一次包个够~~: 哈哈哈哈在生孩子之前; 史上最尬！逆天吐槽2023兔年春晚，语言类节目实至名归！: 这也算反映现实贴近生活了; 2024春晚小品押题《三胎》: 独生子：So？; 2024春晚小品押题《三胎》: 生三胎怎么够呢，生个五胎吧，给三个娃减减负
味儿,66,春晚内容相关,2024春晚小品押题《三胎》: 这尬味儿拿捏太到位了！！; 2024春晚小品饱和式押题第一季！饺砸一次包个够~~: 每年都有这个味儿，求别来了; 2024春晚小品押题《三胎》: 太对味儿了; 2024春晚小品押题《三胎》: 太有内味儿了; 【旧曲新歌奥密克戎】2022春晚押题相声: 换个会唱大鼓的就有味儿了; 【旧曲新歌奥密克戎】2022春晚押题相声: 对味儿了
前来,66,情感与互动,二进制小品: 2024前来穿越; papi酱的春晚预测: 2024年春晚前来报道; papi酱的春晚预测: 奥密克戎时代前来考古; papi酱的春晚预测: 2023前来预测哈哈哈哈哈哈哈哈哈; papi酱的春晚预测: 2023年距离春节还有2天前来打卡; papi酱的春晚预测: 2020/12/31前来打卡！
多,65,其他,2024春晚小品押题《三胎》: 养的起，这家是多有钱啊; 2025春晚小品预测，这届网友太有才了: 多少年不看春晚了。; 有烂梗的春晚才叫过年呐: 不知道很正常，今年野梗流水线梗特别多; 【旧曲新歌奥密克戎】2022春晚押题相声: 留给胡基森的时间不多了; 无偿送给今年的春晚导演组: 哈哈哈哈哈哈哈尿素过多; 2024春晚小品押题《三胎》: 多说家庭是养不起的
知道,65,情感与互动,求求各位，不要再押题春晚小品了……: 我当然不知道，因为春晚当天上班根本没看; 求求各位，不要再押题春晚小品了……: 想知道编剧的极限在哪，请加大力度; 2024春晚小品押题《三胎》: 押题了，不知道还以为在看春晚; 无偿送给今年的春晚导演组: 要生了不知道怀孕，这不傻丫头吗（发出于谦的声音）; 2024春晚小品饱和式押题第一季！饺砸一次包个够~~: 你还知道啊; 史上最尬！逆天吐槽2023兔年春晚，语言类节目实至名归！: 马蓉错是肯定的，但是王宝强自己长什么样不知道，还想找美女就能知道他也不是什么好东西
好看,65,情感与互动,2024春晚小品饱和式押题第一季！饺砸一次包个够~~: 比春晚好看; 有烂梗的春晚才叫过年呐: 乱插梗吗这不是，就算念出来也不好看; 【旧曲新歌奥密克戎】2022春晚押题相声: 林俊杰可没郭冬临好看; 2024春晚小品押题《三胎》: 比春晚好看; 你觉得今年春晚最有可能出现哪些梗？: 比春晚好看; 史上最尬！逆天吐槽2023兔年春晚，语言类节目实至名归！: 神剧专业户演的能好看到哪
才,64,春晚内容相关,papi酱的春晚预测: 集美貌与才华于一身的女子; 你觉得今年春晚最有可能出现哪些梗？: 真的有才; 你觉得今年春晚最有可能出现哪些梗？: 刚才那个大圆脸的姑娘真的好看！！！！; 【旧曲新歌奥密克戎】2022春晚押题相声: u真有才啊; 《2025年蛇年春晚烂梗小品精选》: 天才; 无偿送给今年的春晚导演组: 天才！！！
得,63,其他,2024春晚小品押题《三胎》: 这个逻辑还真的说得通; 2024春晚小品押题《三胎》: 我觉得挺好看的; 史上最尬！逆天吐槽2023兔年春晚，语言类节目实至名归！: 这个脱口秀我觉得还可以，段子质量还挺高的; 【旧曲新歌奥密克戎】2022春晚押题相声: 唱得很好，下次不许唱了; 《2025年蛇年春晚烂梗小品精选》: 编导你觉得你自己看得下去吗; 2025春晚小品预测，这届网友太有才了: 看看那些官媒删平删得多很，就知道人家根本懒得改
今年,63,年度与时间,无偿送给今年的春晚导演组: 牛批  今年没你我不看; 求求各位，不要再押题春晚小品了……: 剑走偏锋，太对了，把科目三整来，到时候说，“今年的好，“太接地气了！”; 2024春晚小品押题《三胎》: 我今年18，50年后我快70了; 史上最尬！逆天吐槽2023兔年春晚，语言类节目实至名归！: 今年春晚全场最佳：挠头哥。; 2024春晚小品饱和式押题第一季！饺砸一次包个够~~: 按理说今年的梗太新了他们不会玩的; 史上最尬！逆天吐槽2023兔年春晚，语言类节目实至名归！: 但说真话，今年的歌都挺不错
去,62,其他,《2025年蛇年春晚烂梗小品精选》: 已经看不下去了; 我想看这样的春晚: 80咋了，80岁姜子牙刚准备去封神; papi酱的春晚预测: 哈哈哈哈哈董老师：叉出去; 2025春晚小品预测，这届网友太有才了: 去年的科目三谁还有人记得吗？; 《2025年蛇年春晚烂梗小品精选》: 不敢看下去了; 有烂梗的春晚才叫过年呐: 去瑞士代购春款，出口转内销是吧
因,62,其他,papi酱的春晚预测: 只因（警撅）; 2024春晚小品押题《三胎》: 因为考试需要李华; 《2025年蛇年春晚烂梗小品精选》: 不是说小品不许出现谐音梗吗（doge）（我说这个是因为以前很多带有谐音梗的小品说禁用谐音梗啦）; 2025春晚小品预测，这届网友太有才了: 不可能的，因为这真的让我笑了一下; 你觉得今年春晚最有可能出现哪些梗？: 为何我此时眼含热泪，因为我真的感动，这样的感动真的不常在; papi酱的春晚预测: 只因你太美（。）
把,61,其他,无偿送给今年的春晚导演组: 不合格 把我逗乐了; 求求各位，不要再押题春晚小品了……: 还没有啊，要离的突然没有矛盾了，只是把包饺子换了个形式罢了; 2024春晚小品押题《三胎》: 那不生不就好了，不把负担甩给下一代; 求求各位，不要再押题春晚小品了……: 转换思路，把节目都押一遍; 2024春晚小品押题《三胎》: 把养孩子的钱留下来养老不也减轻负担嘛; 无偿送给今年的春晚导演组: 这味把我创到了
或,61,其他,史上最尬！逆天吐槽2023兔年春晚，语言类节目实至名归！: 这老兄挠头或成为一个表情包; papi酱的春晚预测: 哈哈哈哈哈哈哈哈哈哈或或; papi酱的春晚预测: 红红火火恍恍惚惚或或或或; 2024春晚小品押题《三胎》: 或者你可以出去打工; papi酱的春晚预测: 哈哈哈哈哈哈哈哈哈哈哈哈哈或或; papi酱的春晚预测: 哈哈哈哈哈哈哈哈哈哈哈哈哈或或或或或或或或或或
抽象,59,情感与互动,无偿送给今年的春晚导演组: 卧槽啊啊啊抽象; 史上最尬！逆天吐槽2023兔年春晚，语言类节目实至名归！: 我一直觉得封面那个人太抽象了; 无偿送给今年的春晚导演组: 抽象，太抽象了; 求求各位，不要再押题春晚小品了……: 不是独特，是抽象（doge; 无偿送给今年的春晚导演组: 极限的抽象
中,59,其他,二进制小品: 八饺笼中; 二进制小品: 脑中台词自动生成; 二进制小品: 省流：《八饺笼中》; 我想看这样的春晚: 啊啊啊啊啊禹宙中欣！; papi酱的春晚预测: 别押题了全中就不好啦
“,57,其他,二进制小品: 二进制怎么会除了“饺”“子”之外还有别的字呢; 史上最尬！逆天吐槽2023兔年春晚，语言类节目实至名归！: “我骄傲”; 二进制小品: “你看那隔壁的二婶”; 无偿送给今年的春晚导演组: “爱能止血！”; 二进制小品: “剧情无法跳过”
出来,57,春晚内容相关,史上最尬！逆天吐槽2023兔年春晚，语言类节目实至名归！: 当时我看的时候，我脚趾下面凭空多出来一个三室一厅; 2024春晚小品饱和式押题第一季！饺砸一次包个够~~: 在网吧看到这直接喊出来包饺子; 2024春晚小品押题《三胎》: 突然笑不出来; 2024春晚小品饱和式押题第一季！饺砸一次包个够~~: 对不起，他说生了我还以为他从衣服底下拿出来一堆饺子（; 《2025年蛇年春晚烂梗小品精选》: 进度条三分之一了，只听出来一个5.20
经典,57,春晚内容相关,papi酱的春晚预测: 《传世经典》; 你觉得今年春晚最有可能出现哪些梗？: 经典; 无偿送给今年的春晚导演组: 经典催生; papi酱的春晚预测: 这个还是最经典的，又给我推了; 史上最尬！逆天吐槽2023兔年春晚，语言类节目实至名归！: 孙涛早期保安作品都很经典，自从开始走好男人设定就开始毁了
视频,57,春晚内容相关,2024春晚小品押题《三胎》: 评论比视频好笑; 8秒看完2025年春晚: 短视频确实; papi酱的春晚预测: 卧槽，古早视频，今日还用; 8秒看完2025年春晚: 短视频确实毁了; papi酱的春晚预测: 有没有可能，预言对了是因为导演也看这个视频了
观众,57,情感与互动,你觉得今年春晚最有可能出现哪些梗？: 观众演技吊打; 史上最尬！逆天吐槽2023兔年春晚，语言类节目实至名归！: BYD全程没笑，看这个观众挠头笑了; 求求各位，不要再押题春晚小品了……: 还做到了一点：让所有观众印象深刻; 二进制小品: 观众朋友们好，新的一年，我俩给您拜年了。; 无偿送给今年的春晚导演组: 不行，这点让观众意想不到了，比原作nb，不合格
结婚,56,春晚内容相关,2024春晚小品押题《三胎》: 太不容易了，现在能结婚就已经很不容易了; 2024春晚小品押题《三胎》: 18岁？没到结婚年龄（狗头; 无偿送给今年的春晚导演组: 太对了，所以我不结婚; 史上最尬！逆天吐槽2023兔年春晚，语言类节目实至名归！: 槿夕你怎么结婚了！; 无偿送给今年的春晚导演组: 所以不要结婚
好好,56,情感与互动,"无偿送给今年的春晚导演组: 好好好; 无偿送给今年的春晚导演组: 好好好这么搞是吧; 2024春晚小品饱和式押题第一季！饺砸一次包个够~~: 好好好; 二进制小品: 好好好; 无偿送给今年的春晚导演组: 别结了啊,不结又不是会死,一个人活的好好的"
导演,54,明星与节目,2024春晚小品押题《三胎》: 导演：已经汗流浃背了; 2024春晚小品押题《三胎》: 导演汗流浃背了; 史上最尬！逆天吐槽2023兔年春晚，语言类节目实至名归！: 导演真是脑袋被水灌满了; 2024春晚小品饱和式押题第一季！饺砸一次包个够~~: 这是导演组放出来的春晚预告吧。。。; 我想看这样的春晚: 求你去做春晚导演吧！！我也想看！！
二战转折点,53,春晚内容相关,2024春晚小品押题《三胎》: 二战转折点; 二进制小品: 二战转折点; 二模卷成功押中春晚真题  看看是怎么个事儿2024春晚小品押题二模卷《小土豆与锅包肉》: 二战转折点; 2024春晚小品押题《三胎》: “好啦”二战转折点; 2024春晚小品押题《三胎》: 好啦二战转折点
谁,53,情感与互动,2024春晚小品押题《三胎》: 谁说你们都能活到八十多了; 2024春晚小品饱和式押题第一季！饺砸一次包个够~~: 谁懂啊哥哥这个笑好酥; 二进制小品: 谁懂啊，看明白了; 2025春晚小品预测，这届网友太有才了: 现在谁还看春晚啊; 你觉得今年春晚最有可能出现哪些梗？: 谁说这短剧low啊？这短剧可太棒了
后,52,年度与时间,8秒看完2025年春晚: 10后赶上了中考分流……; 8秒看完2025年春晚: 95后除了三鹿奶粉没赶上别的都赶上了哈哈哈哈哈; 2024春晚小品饱和式押题第一季！饺砸一次包个够~~: 后面楼梯有个黑影闪过去了; 8秒看完2025年春晚: 00后啥都没说咋就摊上诋毁10后了; 我想看这样的春晚: 然后把王志猩团队请上演一个
有点,52,情感与互动,2024春晚小品押题《三胎》: 居然有点好笑; 2024春晚小品押题《三胎》: 唉？进度有点快了，怎么着也得等老公回来吧; 《2025年蛇年春晚烂梗小品精选》: 味儿有点冲; 2024春晚小品押题《三胎》: 味太对，甚至有点齁; 【旧曲新歌奥密克戎】2022春晚押题相声: 要真有冯老师那我还真的有点兴趣哦
死,52,吐槽与负面情绪,2024春晚小品押题《三胎》: 哈哈哈，笑死我啦; 2024春晚小品饱和式押题第一季！饺砸一次包个够~~: 打死白学; 我想看这样的春晚: 啊啊啊啊啊啊我已经快笑死了; 2024春晚小品押题《三胎》: 笑死了; papi酱的春晚预测: 想死你们了
应该,52,其他,无偿送给今年的春晚导演组: 应该是“好~~啦！！！”; 无偿送给今年的春晚导演组: 错了，应该是一家四口，女方身上还怀着双胞胎; 无偿送给今年的春晚导演组: 太抽象了，我应该留到除夕看的; 2025春晚小品预测，这届网友太有才了: 我说过话，那春晚就应该是粗的带一点俗，但不是不文明的而是有限度的，能让人开怀笑的，现在是什么年终奖晚会吗？; 二模卷成功押中春晚真题  看看是怎么个事儿2024春晚小品押题二模卷《小土豆与锅包肉》: 应该是代表不了尔滨的
周深,52,明星与节目,我想看这样的春晚: 周深; 我想看这样的春晚: 周深唱歌; 我想看这样的春晚: 妈呀没有周深差评不看了; 我想看这样的春晚: 周深呢; 我想看这样的春晚: 周深！我需要周深来拯救我的耳朵！
汗流浃背,51,吐槽与负面情绪,2024春晚小品押题《三胎》: 不行了，汗流浃背了已经。; 求求各位，不要再押题春晚小品了……: 导演汗流浃背了; 2024春晚小品押题《三胎》: 我已经汗流浃背了; 二模卷成功押中春晚真题  看看是怎么个事儿2024春晚小品押题二模卷《小土豆与锅包肉》: 汗流浃背了; 2024春晚小品押题《三胎》: 导演：已经汗流浃背了
尬,51,吐槽与负面情绪,2024春晚小品饱和式押题第一季！饺砸一次包个够~~: 春晚的宗旨，只要我不尴尬，尴尬的就是观众; 二模卷成功押中春晚真题  看看是怎么个事儿2024春晚小品押题二模卷《小土豆与锅包肉》: 很尴尬，但比不上春晚; papi酱的春晚预测: 尬到抠出别墅; 史上最尬！逆天吐槽2023兔年春晚，语言类节目实至名归！: 尴尬; 史上最尬！逆天吐槽2023兔年春晚，语言类节目实至名归！: 这个是我觉得最尬的
一起,51,情感与互动,无偿送给今年的春晚导演组: 我们一起 生 孩 子！; 我想看这样的春晚: 谢谢还记得我们三小只是一起的; 无偿送给今年的春晚导演组: 我们一起 生孩砸; 2025春晚小品预测，这届网友太有才了: 大家一起生孩子？是不是限制级的啊？限制级的我就看; 《2025年蛇年春晚烂梗小品精选》: 等等，左下角怎么小头爸爸和胡图图妈妈在一起啊
啥,51,其他,《2025年蛇年春晚烂梗小品精选》: 这都是些啥？; 2024春晚小品押题《三胎》: 那么问题来了，三胎该叫啥名？; 我想看这样的春晚: 啥都没注意到了我家邓紫棋; 2024春晚小品饱和式押题第一季！饺砸一次包个够~~: 送了一会包啥; 无偿送给今年的春晚导演组: 哥们，那春晚播啥
太美,51,情感与互动,papi酱的春晚预测: 蔡徐坤的只因你太美; papi酱的春晚预测: 只因你太美(; papi酱的春晚预测: ＿你太美; papi酱的春晚预测: 基尼太美（确信）; papi酱的春晚预测: 姬霓太美
听懂,50,情感与互动,二进制小品: 这下听懂了; 《2025年蛇年春晚烂梗小品精选》: 全听懂的这辈子有了; 2025年春晚押题小品之《再见老登》: 听懂掌声; 二进制小品: 明明都说的同一句可每句都听懂了; 有烂梗的春晚才叫过年呐: 这下听懂了
绷,50,吐槽与负面情绪,2024春晚小品饱和式押题第一季！饺砸一次包个够~~: 难绷; 有烂梗的春晚才叫过年呐: 最难绷的一个; 有烂梗的春晚才叫过年呐: 没绷住，三国杀也干了; 有烂梗的春晚才叫过年呐: 这下绷不住了; 8秒看完2025年春晚: 难绷……
救命,48,情感与互动,无偿送给今年的春晚导演组: 啊啊啊啊啊救命; 无偿送给今年的春晚导演组: 救命; 2024春晚小品押题《三胎》: 三十岁三胎，救命; papi酱的春晚预测: 救命哈哈哈哈哈哈哈哈哈哈哈哈哈哈
包,48,其他,papi酱的春晚预测: 包饺咂; 2024春晚小品押题《三胎》: 盲猜结局包饺子; 2024春晚小品饱和式押题第一季！饺砸一次包个够~~: 好了区up主+包饺子区up主; 无偿送给今年的春晚导演组: 包饺砸
doge,47,其他,二模卷成功押中春晚真题  看看是怎么个事儿2024春晚小品押题二模卷《小土豆与锅包肉》: 有区别吗？doge; 无偿送给今年的春晚导演组: 泪目了（doge）; 二模卷成功押中春晚真题  看看是怎么个事儿2024春晚小品押题二模卷《小土豆与锅包肉》: 这个题太新了春晚不会出（doge）; 求求各位，不要再押题春晚小品了……: 您说的不会是妙蛙饺子吧doge
大,47,其他,2024春晚小品饱和式押题第一季！饺砸一次包个够~~: 这是俩人是从大年三十穿越回来的吗！; 【旧曲新歌奥密克戎】2022春晚押题相声: 京东大鼓可真不好唱啊。; 史上最尬！逆天吐槽2023兔年春晚，语言类节目实至名归！: 大过年的看吵架，导演脑子里真有shi; 二进制小品: 大型纪录片《消失的点赞》
确实,47,情感与互动,无偿送给今年的春晚导演组: 这个确实可以有点意思; 【旧曲新歌奥密克戎】2022春晚押题相声: 主要是确实不会唱; 二模卷成功押中春晚真题  看看是怎么个事儿2024春晚小品押题二模卷《小土豆与锅包肉》: 确实感人，我要哭了; 求求各位，不要再押题春晚小品了……: 去年晚上看小品，确实感觉像听邻居吵了一晚上架
泪目,47,情感与互动,2024春晚小品押题《三胎》: 泪目; 二模卷成功押中春晚真题  看看是怎么个事儿2024春晚小品押题二模卷《小土豆与锅包肉》: 泪目了; 【旧曲新歌奥密克戎】2022春晚押题相声: 剧本寄给春晚吧，好期待能看到这个相声，泪目; 2024春晚小品押题《三胎》: 《泪目》
押,47,春晚内容相关,【旧曲新歌奥密克戎】2022春晚押题相声: 考前密卷，疯狂押题; 2024春晚小品押题《三胎》: 16开始怀孕是吧，这个押题肯定扣分; 二模卷成功押中春晚真题  看看是怎么个事儿2024春晚小品押题二模卷《小土豆与锅包肉》: 是2025春晚押题卷才对; 【旧曲新歌奥密克戎】2022春晚押题相声: 胡老师押了一年题了
演员,47,明星与节目,我想看这样的春晚: 并不想看演员假唱; 史上最尬！逆天吐槽2023兔年春晚，语言类节目实至名归！: 为啥老让影视演员演小品啊 喜剧的节奏一般演员来不了。。; 史上最尬！逆天吐槽2023兔年春晚，语言类节目实至名归！: 熊大配音演员吗; 我想看这样的春晚: 小品的话把喜剧大赛的导演和演员给请夹
天才,46,明星与节目,《2025年蛇年春晚烂梗小品精选》: 天才; 无偿送给今年的春晚导演组: 天才呀; 2024春晚小品押题《三胎》: 难道她真的是天才？; 无偿送给今年的春晚导演组: 天才！！！
听,45,其他,二进制小品: 我怎么听懂了; 史上最尬！逆天吐槽2023兔年春晚，语言类节目实至名归！: 王宝强说话我都听不清楚他在说什么，感觉口齿不清晰，没有字幕简直就是灾难; 2024春晚小品押题《三胎》: 听到最后的包饺子，吓得我抖了一激灵; 【旧曲新歌奥密克戎】2022春晚押题相声: 如听氙乐耳暂冥
节目,45,春晚内容相关,史上最尬！逆天吐槽2023兔年春晚，语言类节目实至名归！: 这个节目最好笑的不是张若昀吃鸡吗（doge）; 2025年春晚押题小品之《再见老登》: 笑死，真的像是春晚会出的节目; 史上最尬！逆天吐槽2023兔年春晚，语言类节目实至名归！: 还一个相声呢，已经不属于语言类节目了吗; 《2025年蛇年春晚烂梗小品精选》: 我觉得自己吓自己应该来不及了吧，春晚节目应该早就排好了（doge
过,45,年度与时间,《2025年蛇年春晚烂梗小品精选》: 2024已经过去了，现在是2025年; 2024春晚小品押题《三胎》: 要素过多; 2024春晚小品饱和式押题第一季！饺砸一次包个够~~: 我们这过年不吃饺子; 史上最尬！逆天吐槽2023兔年春晚，语言类节目实至名归！: 吵吵吵，大过年的搞心态呢
不住,45,情感与互动,无偿送给今年的春晚导演组: 绷不住了; papi酱的春晚预测: 绷不住了; 《2025年蛇年春晚烂梗小品精选》: 绷不住了; 求求各位，不要再押题春晚小品了……: 我记住它名字了，内容记不住啊
演,45,春晚内容相关,你觉得今年春晚最有可能出现哪些梗？: 演的相当好; 求求各位，不要再押题春晚小品了……: 瞎鸡哔演就行了，爱笑不笑; 史上最尬！逆天吐槽2023兔年春晚，语言类节目实至名归！: 演技很好？至少在这个春晚节目上，他聒噪得想让人锤死他，这就是本山大叔说的太油了。; 我想看这样的春晚: 可以可以，导演就你了！
吵架,45,吐槽与负面情绪,求求各位，不要再押题春晚小品了……: 嘿，我家就是大年夜吵架的那一家; 求求各位，不要再押题春晚小品了……: 邻居吵架都比这有内容; 求求各位，不要再押题春晚小品了……: 我觉得邻居吵架比这有意思; 求求各位，不要再押题春晚小品了……: 邻居吵架都比这强
哭,44,情感与互动,二进制小品: 该哭了; 8秒看完2025年春晚: 02 的哭了; 2024春晚小品饱和式押题第一季！饺砸一次包个够~~: 你哭还是笑呢; 二进制小品: 给我看哭了
被,43,吐槽与负面情绪,《2025年蛇年春晚烂梗小品精选》: 我blue被笑到了; 史上最尬！逆天吐槽2023兔年春晚，语言类节目实至名归！: 这哥们要被扣工资了，哈哈哈; 《2025年蛇年春晚烂梗小品精选》: 第一个就被吓晕了; 无偿送给今年的春晚导演组: 直播带货貌似被禁了
这是,43,其他,papi酱的春晚预测: 我才发现这是17年发的！！！！; 2024春晚小品押题《三胎》: 这是凯丽吧？; 史上最尬！逆天吐槽2023兔年春晚，语言类节目实至名归！: 这是喜剧？; 2024春晚小品饱和式押题第一季！饺砸一次包个够~~: 这是要嘎？留念想
小,42,其他,2024春晚小品押题《三胎》: 再生个小小明（; 求求各位，不要再押题春晚小品了……: 小丑？; papi酱的春晚预测: 救命，孙涛和秦岚的那个小品; 史上最尬！逆天吐槽2023兔年春晚，语言类节目实至名归！: 那个演年轻小情侣的男生是白宇帆吗？
比春晚好看,42,吐槽与负面情绪,【旧曲新歌奥密克戎】2022春晚押题相声: 比春晚好看; 你觉得今年春晚最有可能出现哪些梗？: 比春晚好看; 2024春晚小品押题《三胎》: 比春晚好看; 你觉得今年春晚最有可能出现哪些梗？: 这不比春晚好看？
押题,42,春晚内容相关,2024春晚小品押题《三胎》: 押题，最后发现是真怀了; 2024春晚小品饱和式押题第一季！饺砸一次包个够~~: 疯狂押题，只要压的多，就一定会压中; 无偿送给今年的春晚导演组: 押题全中; 求求各位，不要再押题春晚小品了……: 这么一说我更想看押题了 反正春晚一定会有小品
可,42,其他,求求各位，不要再押题春晚小品了……: 邻居吵架可有意思多了; papi酱的春晚预测: 这可比春晚有意思哈哈哈哈; 2024春晚小品押题《三胎》: 没关系，你可能已经没了; 我想看这样的春晚: 成毅来个杂技哈哈哈哈确实可以
好评,41,情感与互动,有烂梗的春晚才叫过年呐: 我立马就去打好评！; 有烂梗的春晚才叫过年呐: 再这样我就要打好评了; 有烂梗的春晚才叫过年呐: 你要这样我可给三国杀刷好评了; 有烂梗的春晚才叫过年呐: 你在这样我要给三国杀刷好评了
不会,40,吐槽与负面情绪,有烂梗的春晚才叫过年呐: 这个太新了不会有; 求求各位，不要再押题春晚小品了……: 开卷考试但是啥也不会的你belike（; 2024春晚小品押题《三胎》: 就是你家小明数学题一直不会是吧; papi酱的春晚预测: 2023年不会这样啊
以为,40,情感与互动,史上最尬！逆天吐槽2023兔年春晚，语言类节目实至名归！: 我都不知道这是个节目，还以为是中场闲聊; papi酱的春晚预测: 这居然是17年的，我以为是23年的; 2025春晚小品预测，这届网友太有才了: 我还以为巳生生是死了也要生呢; 史上最尬！逆天吐槽2023兔年春晚，语言类节目实至名归！: 对，我根本没看出来这是个节目，我以为是采访一下优秀模范
尴尬,40,吐槽与负面情绪,求求各位，不要再押题春晚小品了……: 只要我不尴尬，尴尬的就是别人; 【旧曲新歌奥密克戎】2022春晚押题相声: 哈哈哈，真好，已经开始尴尬了; 史上最尬！逆天吐槽2023兔年春晚，语言类节目实至名归！: 好尴尬啊; 史上最尬！逆天吐槽2023兔年春晚，语言类节目实至名归！: 超越王勉的尴尬
过年,40,年度与时间,《2025年蛇年春晚烂梗小品精选》: 过年投屏到电视上看; 求求各位，不要再押题春晚小品了……: 托过年还要加班; 求求各位，不要再押题春晚小品了……: 无所谓，up押的挺好看的，留着过年的时候看; 有烂梗的春晚才叫过年呐: 留到过年看
三,39,年度与时间,2024春晚小品押题《三胎》: 经典三句半; 2024春晚小品押题《三胎》: 三胎转折点，到斩杀线了; 有烂梗的春晚才叫过年呐: 玩三国杀玩的
看到,39,情感与互动,我想看这样的春晚: 什么！这里也能看到陶喆; 无偿送给今年的春晚导演组: 看到包孩砸蚌埠住了哈哈哈哈哈哈; 2024春晚小品饱和式押题第一季！饺砸一次包个够~~: 终于看到催婚了
砸,39,吐槽与负面情绪,无偿送给今年的春晚导演组: 砸电视了要; 无偿送给今年的春晚导演组: 生饺砸！; 2024春晚小品押题《三胎》: 如果有泰裤辣我直接把我家电视砸掉
为什么,38,其他,我想看这样的春晚: 我终于知道我为什么能刷到了。但是成毅杂技需要一套戏服和一根威亚; 《2025年蛇年春晚烂梗小品精选》: 为什么要外孙？孙女不行？; 史上最尬！逆天吐槽2023兔年春晚，语言类节目实至名归！: 这是为什么一点印象没有？？？
像,38,其他,papi酱的春晚预测: 坏了，好笑就不像，有点好笑; 2024春晚小品押题《三胎》: 像是张小斐会演的角色; papi酱的春晚预测: 好像啊
不好,38,吐槽与负面情绪,《2025年蛇年春晚烂梗小品精选》: 一点都不好笑。; 求求各位，不要再押题春晚小品了……: 小品不好笑，这件事本身就挺好笑的; 求求各位，不要再押题春晚小品了……: 这不好吗
快,37,情感与互动,2024春晚小品押题《三胎》: 唉？进度有点快了，怎么着也得等老公回来吧; 2024春晚小品饱和式押题第一季！饺砸一次包个够~~: 这个点子不错，今年过年请假挣外快; 【旧曲新歌奥密克戎】2022春晚押题相声: 这快板打得像打人
不错,37,情感与互动,求求各位，不要再押题春晚小品了……: 我觉得沈腾马丽去年那个不错; 史上最尬！逆天吐槽2023兔年春晚，语言类节目实至名归！: 觉得歌不错的自己搜搜有多少是抄动漫的歌; 史上最尬！逆天吐槽2023兔年春晚，语言类节目实至名归！: 这都觉得不错？你生活是多无趣啊…
太好了,37,情感与互动,2024春晚小品押题《三胎》: 太好了！！; 求求各位，不要再押题春晚小品了……: 那太好了。双喜临门; 求求各位，不要再押题春晚小品了……: 太好了
蒸,37,其他,2025春晚小品预测，这届网友太有才了: 蒸蒸日上; 8秒看完2025年春晚: 我特么以为是蒸孩子; 有烂梗的春晚才叫过年呐: 蒸
对味,36,情感与互动,《2025年蛇年春晚烂梗小品精选》: 太对味了; 你觉得今年春晚最有可能出现哪些梗？: 舞蹈演员太对味儿了; papi酱的春晚预测: 哈哈哈哈哈哈2023年依然对味
省流,36,其他,有烂梗的春晚才叫过年呐: 省流：比春晚好看; 8秒看完2025年春晚: 省流：比春晚好看; 无偿送给今年的春晚导演组: 省流：生孩子
着,36,其他,2024春晚小品押题《三胎》: 哦合着你们几个是人，不用考虑孩子是不是呗; 无偿送给今年的春晚导演组: 错了，应该是一家四口，女方身上还怀着双胞胎; 2025春晚小品预测，这届网友太有才了: 等着拉肚子吧
不结,36,其他,无偿送给今年的春晚导演组: 好，那就不结了; 无偿送给今年的春晚导演组: 那就不结了呗; 2024春晚小品押题《三胎》: 不结婚只用照顾两个
住,35,其他,你觉得今年春晚最有可能出现哪些梗？: 这个我是真的崩不住了哈哈哈哈哈哈; papi酱的春晚预测: 哈哈哈这里真憋不住了; 求求各位，不要再押题春晚小品了……: 我记住它名字了，内容记不住啊
叫,35,其他,有烂梗的春晚才叫过年呐: 定叫你好评如潮; 求求各位，不要再押题春晚小品了……: 没就没了吧，与其叫它臭了不如灭绝; 2024春晚小品押题《三胎》: 哎，这结尾那叫一个地地地道
生孩子,35,其他,2025春晚小品预测，这届网友太有才了: 大家一起生孩子？是不是限制级的啊？限制级的我就看; 8秒看完2025年春晚: 饺子生孩子; 无偿送给今年的春晚导演组: 如果结婚找伴侣就是为了生孩子失去自我才悲哀
几个,35,其他,史上最尬！逆天吐槽2023兔年春晚，语言类节目实至名归！: 几个？（doge; 《2025年蛇年春晚烂梗小品精选》: 爱要拐几个弯才来～; 2024春晚小品押题《三胎》: 他们几个谁养
卧槽,35,吐槽与负面情绪,无偿送给今年的春晚导演组: 卧槽啊啊啊抽象; 二模卷成功押中春晚真题  看看是怎么个事儿2024春晚小品押题二模卷《小土豆与锅包肉》: 卧槽预言家; 无偿送给今年的春晚导演组: 卧槽
这下,35,情感与互动,2024春晚小品押题《三胎》: 这下老年人也不看了; 2025年春晚押题小品之《再见老登》: 这下看懂了; 二进制小品: 这下全听懂了
唱,35,春晚内容相关,【旧曲新歌奥密克戎】2022春晚押题相声: 唱的好，下次不要再唱了; 2024春晚小品饱和式押题第一季！饺砸一次包个够~~: 这高调唱的一套又一套; 我想看这样的春晚: 支持情歌对唱啊啊啊
笑场,34,吐槽与负面情绪,2024春晚小品饱和式押题第一季！饺砸一次包个够~~: 这老演员怎么老笑场哈哈哈哈; 2024春晚小品饱和式押题第一季！饺砸一次包个够~~: 笑场了哈哈哈哈; 2024春晚小品饱和式押题第一季！饺砸一次包个够~~: 笑场严重
回顾,34,春晚内容相关,papi酱的春晚预测: 2021春节回顾; papi酱的春晚预测: 2023年回顾; papi酱的春晚预测: 2024年回顾
23,34,年度与时间,papi酱的春晚预测: 快出2023年的; papi酱的春晚预测: 23年春晚导演肯定看你视频了; papi酱的春晚预测: 2023.........................
脱口秀,34,明星与节目,史上最尬！逆天吐槽2023兔年春晚，语言类节目实至名归！: 脱口秀是真的脚趾抠地; 史上最尬！逆天吐槽2023兔年春晚，语言类节目实至名归！: 脱口秀完全就是多余的; 史上最尬！逆天吐槽2023兔年春晚，语言类节目实至名归！: 脱口秀这种艺术形式本就不适合大型典礼
老,33,春晚内容相关,史上最尬！逆天吐槽2023兔年春晚，语言类节目实至名归！: 都不如我们化学老师讲的勒夏特列原理的热量关系，学习化学，放下负能量，摆出正能量; 2024春晚小品押题《三胎》: 搞得好像生的多以后就会有人养似的说不定到时候还是得靠自己的存款养老; 二进制小品: 这就是老戏骨
一,33,年度与时间,《2025年蛇年春晚烂梗小品精选》: 梗只说一半，鳖笑; 《2025年蛇年春晚烂梗小品精选》: 第一个就被吓晕了; 史上最尬！逆天吐槽2023兔年春晚，语言类节目实至名归！: 这是为什么一点印象没有？？？
突然,33,春晚内容相关,有烂梗的春晚才叫过年呐: 突然笑出来了; 二进制小品: 我突然释怀的笑; 无偿送给今年的春晚导演组: 张佳宁好可爱啊（突然跑题）
完,33,春晚内容相关,2024春晚小品押题《三胎》: 结尾要跳科目三就完美了; 二模卷成功押中春晚真题  看看是怎么个事儿2024春晚小品押题二模卷《小土豆与锅包肉》: 没有科目三怎么能完美呢; 2024春晚小品饱和式押题第一季！饺砸一次包个够~~: 提前把春晚看完了
去年,33,年度与时间,求求各位，不要再押题春晚小品了……: 只会刷新去年春晚下限; 求求各位，不要再押题春晚小品了……: 根本想不起来去年都演啥破玩意了; 求求各位，不要再押题春晚小品了……: 我去年没看电视
不行,32,吐槽与负面情绪,有烂梗的春晚才叫过年呐: 这不行嗷这要是在重要电视台山东的就完蛋了; 二模卷成功押中春晚真题  看看是怎么个事儿2024春晚小品押题二模卷《小土豆与锅包肉》: 不行已经尬死了哈哈哈哈内味太冲了; 我想看这样的春晚: 戏曲类节目这两年也不行
这种,32,其他,二进制小品: 这种视频也能火，只能说明多数的网民是搐生; 无偿送给今年的春晚导演组: 仔细想想还真有可能出这种剧情，救命; 2024春晚小品押题《三胎》: 好几年没看春晚了，现在已经进化到这种风格了吗？可以可以
直接,32,其他,无偿送给今年的春晚导演组: 所以直接不结婚; 二模卷成功押中春晚真题  看看是怎么个事儿2024春晚小品押题二模卷《小土豆与锅包肉》: 直接包饺子吧; 我想看这样的春晚: 这个春晚我直接光速杀向现场
吃,32,其他,2024春晚小品押题《三胎》: 曾孙：我吃柠檬; 2024春晚小品饱和式押题第一季！饺砸一次包个够~~: 我的天啊，我已经吃饱了不要再包了; 二模卷成功押中春晚真题  看看是怎么个事儿2024春晚小品押题二模卷《小土豆与锅包肉》: 央视导演：我吃柠檬
我要,32,情感与互动,我想看这样的春晚: 我要这个导演！！！; 《2025年蛇年春晚烂梗小品精选》: 谢帝谢帝我要diss你，很无语的rap词; 我想看这样的春晚: 我要看我要看我要看我要看
有意思,32,情感与互动,求求各位，不要再押题春晚小品了……: 支持，改了还不如原来那几个有意思; 史上最尬！逆天吐槽2023兔年春晚，语言类节目实至名归！: 这个笑点也一般，但主要是演员演的好，我还觉得挺有意思的; 求求各位，不要再押题春晚小品了……: 邻居吵架都比他有意思
老师,32,其他,我想看这样的春晚: 再次合作，多多包涵春山老师; 【旧曲新歌奥密克戎】2022春晚押题相声: 胡老师押了一年题了; 史上最尬！逆天吐槽2023兔年春晚，语言类节目实至名归！: 建议去看红叶老师的解读
教育,32,其他,2025春晚小品预测，这届网友太有才了: 春晚的教育，那么喜好为人师啊？; 求求各位，不要再押题春晚小品了……: 相声小品一定要有教育意义！（; 2025春晚小品预测，这届网友太有才了: 教育？老子累死累活一年看个娱乐节目你还教育我？
三胎,31,其他,【旧曲新歌奥密克戎】2022春晚押题相声: 生三胎up早做了; 2024春晚小品押题《三胎》: 生三胎是为了多包点饺子; 《2025年蛇年春晚烂梗小品精选》: 子涵妈妈（三胎备孕中）
为了,31,春晚主题,求求各位，不要再押题春晚小品了……: 可是博主押题又不是为了春晚。。。谁管春晚啥题材啊，出啥题材都是博主们的素材; 2024春晚小品饱和式押题第一季！饺砸一次包个够~~: 看得出为了不ng真的憋出内伤; 史上最尬！逆天吐槽2023兔年春晚，语言类节目实至名归！: 我以为是为了离婚证来的
负担,31,吐槽与负面情绪,2024春晚小品押题《三胎》: 不生出来，孩子不就没负担了吗; 2024春晚小品押题《三胎》: 那现在不考虑自己养三个孩子的负担吗; 2024春晚小品押题《三胎》: 那你咋不多生给儿子减轻负担咧
月,31,年度与时间,我想看这样的春晚: 就冲这个九月点了; papi酱的春晚预测: 2024年1月打卡; papi酱的春晚预测: 现在时间2022年12月
最,31,春晚内容相关,史上最尬！逆天吐槽2023兔年春晚，语言类节目实至名归！: 这个摄影师全程最尬; 我想看这样的春晚: 你如果二上春山，将会成为有史以来收视率最高的春晚。; 2024春晚小品押题《三胎》: 最后肯定真怀了圆满大结局
爱看,31,情感与互动,我想看这样的春晚: 爱看; 2024春晚小品饱和式押题第一季！饺砸一次包个够~~: 快更新的，爱看; 【旧曲新歌奥密克戎】2022春晚押题相声: 爱看啊！！
00,31,年度与时间,8秒看完2025年春晚: 我没说过00后; 你觉得今年春晚最有可能出现哪些梗？: 我甚至分不清谁是007了; 8秒看完2025年春晚: 90后被70/80说过是垮掉的一代，到从来没说过00后10后！
再,30,其他,无偿送给今年的春晚导演组: 再见了，所有的照相馆(; 无偿送给今年的春晚导演组: 再见照相馆，还见照相馆; 2024春晚小品押题《三胎》: 笑拥还是太新了，必须再老一点尬一点（
三个,30,其他,我想看这样的春晚: 那三个！！狂落泪！是TFBOYS吗！; 2024春晚小品押题《三胎》: 那现在不考虑自己养三个孩子的负担吗; 二模卷成功押中春晚真题  看看是怎么个事儿2024春晚小品押题二模卷《小土豆与锅包肉》: 盲猜是三个菜一共68
沈腾,30,明星与节目,求求各位，不要再押题春晚小品了……: 沈腾的不错（; 史上最尬！逆天吐槽2023兔年春晚，语言类节目实至名归！: 啊 我怎么感觉这个沈腾有点像高启强？; 求求各位，不要再押题春晚小品了……: 去年记得有个沈腾马丽演的那个还不错
做,30,其他,有烂梗的春晚才叫过年呐: 公式做题; 我想看这样的春晚: 求你去做春晚导演策划; 无偿送给今年的春晚导演组: 在广东做外贸
1,30,年度与时间,有烂梗的春晚才叫过年呐: 12.华为：三折叠，怎么折都有面; 二进制小品: 101010101010101010101010101010101010 101010101010 11010101010 1010 101010 10101010 10101010110110 11; 2024春晚小品押题《三胎》: 春晚模拟118分
最后,29,年度与时间,求求各位，不要再押题春晚小品了……: 哈哈哈哈哈哈哈哈up断了春晚最后一条路; 【旧曲新歌奥密克戎】2022春晚押题相声: 最后几道保命题是吧
用,29,其他,无偿送给今年的春晚导演组: dinner梗不够你用的; 2024春晚小品押题《三胎》: 18岁这梗太新了春晚不会用
一定,29,情感与互动,2024春晚小品押题《三胎》: 不一定能活到80哦; 求求各位，不要再押题春晚小品了……: 最难忘的那一定是讨厌的
牛,29,春晚内容相关,papi酱的春晚预测: 牛; 史上最尬！逆天吐槽2023兔年春晚，语言类节目实至名归！: 不知道还寻思又出了什么感动事迹，导演牛逼阿，人才阿
这里,29,其他,有烂梗的春晚才叫过年呐: 这里是模仿那个Q宝广告; 【旧曲新歌奥密克戎】2022春晚押题相声: 这里是模仿了《新虎口脱险》
玩,29,情感与互动,无偿送给今年的春晚导演组: 好好好，这么玩是吧; 求求各位，不要再押题春晚小品了……: 改的那些个破玩意，还不如包饺子呢。
666,29,情感与互动,2025年春晚押题小品之《再见老登》: 666; 无偿送给今年的春晚导演组: 66666666
包饺砸,29,春晚内容相关,2024春晚小品饱和式押题第一季！饺砸一次包个够~~: 哈哈哈哈哈哈哈哈包饺砸; papi酱的春晚预测: 不是包饺砸不是很认可
一年,29,年度与时间,求求各位，不要再押题春晚小品了……: 能不能让一年一度喜剧大赛的上; 史上最尬！逆天吐槽2023兔年春晚，语言类节目实至名归！: 至少也比上一年您太可了。你太格了是什么意思？
看过,28,春晚内容相关,2024春晚小品饱和式押题第一季！饺砸一次包个够~~: 这集好像看过; 《2025年蛇年春晚烂梗小品精选》: 这是真喷不了，这是真看过春晚
误会,28,情感与互动,二模卷成功押中春晚真题  看看是怎么个事儿2024春晚小品押题二模卷《小土豆与锅包肉》: 预定：都是误会～; 求求各位，不要再押题春晚小品了……: 确实没误会，人家是真有矛盾
一下,28,情感与互动,有烂梗的春晚才叫过年呐: 这个春晚味儿一下就上来了; 二模卷成功押中春晚真题  看看是怎么个事儿2024春晚小品押题二模卷《小土豆与锅包肉》: 本来好不容易有个新剧本了，这下好了，啪一下，没了
喜欢,28,情感与互动,二模卷成功押中春晚真题  看看是怎么个事儿2024春晚小品押题二模卷《小土豆与锅包肉》: byd那么喜欢土豆咋自己不化个土豆装呢？; 史上最尬！逆天吐槽2023兔年春晚，语言类节目实至名归！: 马旭东居然是很喜欢他，当时看这小品没发现
吐,28,吐槽与负面情绪,无偿送给今年的春晚导演组: 好了，已经想吐了; 《2025年蛇年春晚烂梗小品精选》: 吐了已经
林俊杰,28,明星与节目,papi酱的春晚预测: 这时候林俊杰上场为郭冬临戴上一顶假发; 【旧曲新歌奥密克戎】2022春晚押题相声: 林俊杰哈哈哈哈哈哈哈哈
蚌埠,27,其他,2024春晚小品押题《三胎》: 音乐一出蚌埠住了; 2025年春晚押题小品之《再见老登》: 豆角真的蚌埠组了
?,27,其他,《2025年蛇年春晚烂梗小品精选》: 不是生了四个，三个男孩儿，一个女孩儿?; 史上最尬！逆天吐槽2023兔年春晚，语言类节目实至名归！: 哪疼…?
真是,27,情感与互动,8秒看完2025年春晚: 绷不住了还真是; 你觉得今年春晚最有可能出现哪些梗？: 这真是
字,27,春晚内容相关,二模卷成功押中春晚真题  看看是怎么个事儿2024春晚小品押题二模卷《小土豆与锅包肉》: 太强行了，文字梗; 史上最尬！逆天吐槽2023兔年春晚，语言类节目实至名归！: 王宝强说话我都听不清楚他在说什么，感觉口齿不清晰，没有字幕简直就是灾难
骄傲,27,情感与互动,2024春晚小品押题《三胎》: 有两罐蜂蜜那么骄傲?; 史上最尬！逆天吐槽2023兔年春晚，语言类节目实至名归！: 我骄傲～
那么,26,其他,2024春晚小品押题《三胎》: 那么好了好了; 二进制小品: 这个视频的艺术成分有三四层楼那么高
更,26,其他,2024春晚小品饱和式押题第一季！饺砸一次包个够~~: 快更新的，爱看; 求求各位，不要再押题春晚小品了……: 那不是更好
好像,26,情感与互动,papi酱的春晚预测: 这句语气真的好像; 二进制小品: 好像是马走日，不太确定。
味太冲,26,吐槽与负面情绪,2024春晚小品押题《三胎》: 好家伙 味太冲了; 2024春晚小品饱和式押题第一季！饺砸一次包个够~~: woc这味太冲
等,26,其他,有烂梗的春晚才叫过年呐: 等叫他好评如潮; 求求各位，不要再押题春晚小品了……: 还有这等好事？
恶心,26,吐槽与负面情绪,2024春晚小品押题《三胎》: 这个浓度太高 我有点犯恶心了; 《2025年蛇年春晚烂梗小品精选》: 令人熟悉的恶心感觉
别,26,情感与互动,2024春晚小品饱和式押题第一季！饺砸一次包个够~~: 别包了我吃饱了; papi酱的春晚预测: 别押题了全中就不好啦
不如,26,吐槽与负面情绪,史上最尬！逆天吐槽2023兔年春晚，语言类节目实至名归！: 不如郭芙蓉的，世界如此美妙我却如此暴躁，这样不好不好; 求求各位，不要再押题春晚小品了……: 还不如包饺子
10,26,年度与时间,8秒看完2025年春晚: 90后被70/80说过是垮掉的一代，到从来没说过00后10后！; 8秒看完2025年春晚: 哎，我可没说过10是被毁掉的
相声,26,明星与节目,史上最尬！逆天吐槽2023兔年春晚，语言类节目实至名归！: 岳云鹏这几年都没有能让我笑出声的相声了; 求求各位，不要再押题春晚小品了……: 你的相声要有教育意义
但,26,其他,2024春晚小品押题《三胎》: 很抽象，但是很符合那些专家的说法; 2024春晚小品饱和式押题第一季！饺砸一次包个够~~: 饺迟但到
一点,25,春晚内容相关,8秒看完2025年春晚: 斗不了一点，还忙着斗地主呢; 史上最尬！逆天吐槽2023兔年春晚，语言类节目实至名归！: 长头发女：我得装的像一点
居然,25,吐槽与负面情绪,papi酱的春晚预测: 居然是17年的视频; 史上最尬！逆天吐槽2023兔年春晚，语言类节目实至名归！: 我当时也是这样想的，大过年的我居然还有看别人吵来吵去
俩,25,其他,史上最尬！逆天吐槽2023兔年春晚，语言类节目实至名归！: 罗南：你俩比星爵还尬知道么; 2025年春晚押题小品之《再见老登》: 你俩搁这儿押题呢？
咋,25,其他,求求各位，不要再押题春晚小品了……: 咋地，你挺沮丧呗？; 【旧曲新歌奥密克戎】2022春晚押题相声: 奥密克戎，他个头还挺大，它薄皮大馅18个褶，他不是包咋
回来,25,情感与互动,papi酱的春晚预测: 我的天 24年回来看的; papi酱的春晚预测: 23回来备考
哦,25,情感与互动,2024春晚小品押题《三胎》: 你俩可不一定八十哦; 无偿送给今年的春晚导演组: 哦，都要生了你看不出来是吗？
真实,25,春晚内容相关,2024春晚小品押题《三胎》: 目前看过最真实的; 8秒看完2025年春晚: xsl太真实了
点,25,春晚内容相关,史上最尬！逆天吐槽2023兔年春晚，语言类节目实至名归！: 看不搞笑的，能不能给看点帅哥美女，这大丑逼上来是干嘛呢; 2024春晚小品押题《三胎》: 升华点题了
时间,24,年度与时间,papi酱的春晚预测: 时间飞shi; 【旧曲新歌奥密克戎】2022春晚押题相声: 留给押题的时间不多了
太对,24,情感与互动,二模卷成功押中春晚真题  看看是怎么个事儿2024春晚小品押题二模卷《小土豆与锅包肉》: 太对为了让; 无偿送给今年的春晚导演组: 太对了太对味了
up,24,其他,【旧曲新歌奥密克戎】2022春晚押题相声: 谢谢up，已经瞎了; 【旧曲新歌奥密克戎】2022春晚押题相声: up有才
出生,24,其他,2024春晚小品押题《三胎》: 孩子：我选择不出生; 2024春晚小品押题《三胎》: 出生剧情
不了,24,情感与互动,papi酱的春晚预测: 自己去不了，酸别人; 二模卷成功押中春晚真题  看看是怎么个事儿2024春晚小品押题二模卷《小土豆与锅包肉》: 应该是代表不了尔滨的
里,24,其他,【旧曲新歌奥密克戎】2022春晚押题相声: 我们这里疫情防控上网课有没有一样的？; papi酱的春晚预测: 哈哈哈哈哈哈里p
起来,24,情感与互动,求求各位，不要再押题春晚小品了……: 根本想不起来去年都演啥破玩意了; 二模卷成功押中春晚真题  看看是怎么个事儿2024春晚小品押题二模卷《小土豆与锅包肉》: 哦，一个是指一块锅包肉，就是一份锅包肉68，然后呢，本来的意思是所有的菜一共加起来68
一块,24,其他,二模卷成功押中春晚真题  看看是怎么个事儿2024春晚小品押题二模卷《小土豆与锅包肉》: 没懂一块儿68和一块儿68有啥区别; 二模卷成功押中春晚真题  看看是怎么个事儿2024春晚小品押题二模卷《小土豆与锅包肉》: 一个说的全部菜总共68 一个以为是一块肉68
68,24,年度与时间,二模卷成功押中春晚真题  看看是怎么个事儿2024春晚小品押题二模卷《小土豆与锅包肉》: 盲猜所有菜加一起68; 二模卷成功押中春晚真题  看看是怎么个事儿2024春晚小品押题二模卷《小土豆与锅包肉》: 所有菜加一起68不贵啊
禹宙中欣,24,其他,我想看这样的春晚: 啊啊啊啊啊禹宙中欣！; 我想看这样的春晚: 啊啊啊啊！禹宙中欣粉狂喜！！！
搞笑,23,春晚内容相关,史上最尬！逆天吐槽2023兔年春晚，语言类节目实至名归！: 看不搞笑的，能不能给看点帅哥美女，这大丑逼上来是干嘛呢; 《2025年蛇年春晚烂梗小品精选》: 春晚没这么搞笑
靠,23,吐槽与负面情绪,【旧曲新歌奥密克戎】2022春晚押题相声: 我靠真的要笑死啊; 无偿送给今年的春晚导演组: 绝了我靠
呗,23,其他,无偿送给今年的春晚导演组: 没意义不结呗; 二模卷成功押中春晚真题  看看是怎么个事儿2024春晚小品押题二模卷《小土豆与锅包肉》: 意思就是三个菜一共68呗
20,23,年度与时间,papi酱的春晚预测: 好想董卿，2023年我回顾这个视频就是听这一句董青谁懂; papi酱的春晚预测: 2024来回顾 时间过得真快
12,23,年度与时间,二进制小品: 感觉比流量明星的12345还有感情; papi酱的春晚预测: 20230121非常新鲜
菜,23,吐槽与负面情绪,无偿送给今年的春晚导演组: 吃预制菜; 二模卷成功押中春晚真题  看看是怎么个事儿2024春晚小品押题二模卷《小土豆与锅包肉》: 一桌菜一共68，和锅包肉一个68
大学生,23,其他,你觉得今年春晚最有可能出现哪些梗？: 清澈愚蠢的大学生; 你觉得今年春晚最有可能出现哪些梗？: 大学生，啊大啊大学生，一天一百块的大学生
非洲,23,其他,无偿送给今年的春晚导演组: 我一年都在非洲; 无偿送给今年的春晚导演组: 非洲务工一年&怀孕
结尾,22,春晚内容相关,2024春晚小品押题《三胎》: 盲猜结尾真的怀上了，大家一起包饺子; 2024春晚小品饱和式押题第一季！饺砸一次包个够~~: 结尾升华主题，启动！
天,22,年度与时间,《2025年蛇年春晚烂梗小品精选》: 天天说，我一个28岁的广东佬就没看过春晚; papi酱的春晚预测: 天天天这一段像极了零几年的周涛老师和郭冬临老师的小品！！
竟然,22,吐槽与负面情绪,2024春晚小品押题《三胎》: 救命，这个竟然有点好笑。; 二进制小品: 我竟然能看懂他要说的是啥
太对味,22,情感与互动,2024春晚小品押题《三胎》: 太对味了; 2024春晚小品押题《三胎》: 太对味儿了
老人,22,春晚内容相关,2024春晚小品押题《三胎》: 不是，老人就不能有一点自我独立能力吗; 无偿送给今年的春晚导演组: 全家福，但没老人
一样,22,春晚内容相关,有烂梗的春晚才叫过年呐: 跟戒毒一样; 《2025年蛇年春晚烂梗小品精选》: 很好，感觉是一样的
这些,22,其他,2024春晚小品押题《三胎》: 不会很重啊，到时候你们这些老的都四了; 史上最尬！逆天吐槽2023兔年春晚，语言类节目实至名归！: 哪吒梗，傻根梗，有几个人知道这些啊
邻居,22,其他,2024春晚小品饱和式押题第一季！饺砸一次包个够~~: 其他邻居：阿米诺斯; 求求各位，不要再押题春晚小品了……: 我觉得邻居吵架比这有意思
记得,22,情感与互动,2024春晚小品饱和式押题第一季！饺砸一次包个够~~: 记得饺子馅得是转基因的; 求求各位，不要再押题春晚小品了……: 我还真不记得，就记得只此青绿
赶上,22,情感与互动,8秒看完2025年春晚: 赶上了日本排放核污染水; 8秒看完2025年春晚: 95后除了三鹿奶粉没赶上别的都赶上了哈哈哈哈哈
2025,22,年度与时间,8秒看完2025年春晚: 省流：并非2025; papi酱的春晚预测: 2025来了
2022,22,年度与时间,papi酱的春晚预测: Papi隔空押中了2022年贾玲张小斐的选题; papi酱的春晚预测: 2022跨年之际前来考古！
奶龙,22,其他,《2025年蛇年春晚烂梗小品精选》: 柜子上奶龙; 有烂梗的春晚才叫过年呐: 有奶龙
杂技,22,春晚内容相关,我想看这样的春晚: 哈哈哈，成毅表演杂技; 我想看这样的春晚: 成毅来个杂技！！！哈哈哈哈哈哈哈哈
好事,22,情感与互动,求求各位，不要再押题春晚小品了……: 还有这好事; 求求各位，不要再押题春晚小品了……: 没小品是好事
其实,21,其他,2024春晚小品押题《三胎》: 其实是个大棉袄; 有烂梗的春晚才叫过年呐: 都不知道的看来是不怎么上网啊，其实也好（）
新,21,年度与时间,二进制小品: 新时代样板戏; 无偿送给今年的春晚导演组: 创新性太强了
出音味,21,春晚内容相关,2024春晚小品押题《三胎》: 《出音味来》; 2024春晚小品押题《三胎》: 出音味来
两个,21,其他,2024春晚小品押题《三胎》: 好家伙我还以为一个没生的催呢，生了两个还催。。; 二进制小品: 完了不认识饺子这两个字了
坏,21,吐槽与负面情绪,《2025年蛇年春晚烂梗小品精选》: 坏了，这是真看过春晚（; 【旧曲新歌奥密克戎】2022春晚押题相声: 礼  崩  乐  坏
一集,21,春晚内容相关,2024春晚小品押题《三胎》: 算术最好的一集; 8秒看完2025年春晚: 最真实的一集
谢谢,21,情感与互动,2024春晚小品押题《三胎》: 谢谢，已经听红温了; 史上最尬！逆天吐槽2023兔年春晚，语言类节目实至名归！: 谢谢作者没把这几个小品完整的音频放出来我就个赞
逼,21,吐槽与负面情绪,2024春晚小品押题《三胎》: 牛逼; papi酱的春晚预测: 2024春晚来的！papi真的牛逼啊
强行,21,吐槽与负面情绪,2024春晚小品押题《三胎》: 强行煽情; 二模卷成功押中春晚真题  看看是怎么个事儿2024春晚小品押题二模卷《小土豆与锅包肉》: 太强行了，文字梗
不要,21,吐槽与负面情绪,【旧曲新歌奥密克戎】2022春晚押题相声: 这个签，不要联想; 史上最尬！逆天吐槽2023兔年春晚，语言类节目实至名归！: 拉石可以，不要让我赤石
呃,21,情感与互动,2024春晚小品押题《三胎》: 呃呃; 2024春晚小品押题《三胎》: 呃呃呃呃呃呃呃呃呃呃
艺术,21,春晚内容相关,2024春晚小品押题《三胎》: 至此，已成艺术; 无偿送给今年的春晚导演组: 至此，已成艺术
预测,21,春晚内容相关,2024春晚小品饱和式押题第一季！饺砸一次包个够~~: 预测今年春晚; 无偿送给今年的春晚导演组: 没空看，预测这玩意干啥
出,21,春晚内容相关,我想看这样的春晚: 九月也出来了，王妈真看; 2024春晚小品押题《三胎》: 出生剧情
唱歌,21,春晚内容相关,史上最尬！逆天吐槽2023兔年春晚，语言类节目实至名归！: 我就觉得许嵩的还不错，别的还是算了吧，有几个服化道糟糕得，都不知道唱歌的站在哪了; 我想看这样的春晚: 不要让演员唱歌啊！
三小只,21,明星与节目,我想看这样的春晚: 吗呀多少年没有看到熟悉的三小只这几个字了…; 我想看这样的春晚: 三小只做一桌啊哈哈哈哈哈哈哈哈
盲猜,20,其他,2024春晚小品押题《三胎》: 盲猜结尾真的怀上了，大家一起包饺子; 二模卷成功押中春晚真题  看看是怎么个事儿2024春晚小品押题二模卷《小土豆与锅包肉》: 盲猜所有菜加一起68
发现,20,春晚内容相关,2024春晚小品押题《三胎》: 最后发现是真怀; 史上最尬！逆天吐槽2023兔年春晚，语言类节目实至名归！: 突然发现这几个眼睛都好小哈哈哈
演技,20,明星与节目,2024春晚小品押题《三胎》: up演技真不错; 有烂梗的春晚才叫过年呐: 经典池沼演技
这句,20,春晚内容相关,2024春晚小品押题《三胎》: 就这句话就给我干的眉头紧皱了; 你觉得今年春晚最有可能出现哪些梗？: 我不录了，这句没灵魂，差评！
么,20,其他,《2025年蛇年春晚烂梗小品精选》: 你俩怎么要宝宝; 2024春晚小品押题《三胎》: 为了什么啊？
漫长,20,情感与互动,2024春晚小品押题《三胎》: 3分钟像十分钟一样漫长; 2024春晚小品饱和式押题第一季！饺砸一次包个够~~: 好漫长的20分钟，感觉已经过了一年了
孙涛,20,明星与节目,2024春晚小品饱和式押题第一季！饺砸一次包个够~~: 孙涛 王宝强; 2024春晚小品饱和式押题第一季！饺砸一次包个够~~: 孙涛小品就爱整这出
请,20,情感与互动,有烂梗的春晚才叫过年呐: 又来了，怕不是请郭冬临演的龟; 二进制小品: 《剧情演绎，请勿饺子》
刷,20,吐槽与负面情绪,有烂梗的春晚才叫过年呐: 这就去刷好评; 你觉得今年春晚最有可能出现哪些梗？: 昨晚刚n刷赵本山小品
有人,19,其他,2025春晚小品预测，这届网友太有才了: 还有人看?
不生,19,其他,2024春晚小品押题《三胎》: 不生不就没负担了吗
必须,19,其他,2024春晚小品押题《三胎》: 笑拥还是太新了，必须再老一点尬一点（
煽情,19,情感与互动,2024春晚小品押题《三胎》: 煽情の小曲儿
照顾,19,情感与互动,2024春晚小品押题《三胎》: 能不能活这么久先不提，培养需要时间有一方不工作照顾家就会少一分钱
带,19,其他,无偿送给今年的春晚导演组: 带货风向不太对，现在要搞实体经济
细节,19,春晚内容相关,2024春晚小品押题《三胎》: 细节掌声
味,19,春晚内容相关,2024春晚小品押题《三胎》: 汗流浃背了 味儿太冲了
意义,19,春晚主题,2024春晚小品押题《三胎》: 孩子：我生出来的意义就是为了照顾你六个呗？
初生,19,年度与时间,2024春晚小品饱和式押题第一季！饺砸一次包个够~~: 孩子名我都想好了，叫初生
意思,19,其他,求求各位，不要再押题春晚小品了……: 不好意思，其实多少年都没看了，当背景音都嫌扰民
内味,19,吐槽与负面情绪,2024春晚小品押题《三胎》: 太有内味儿了
原来,19,其他,2024春晚小品押题《三胎》: 原来孩子是婆婆的逆天
离谱,19,吐槽与负面情绪,2024春晚小品押题《三胎》: 离谱
草,19,吐槽与负面情绪,无偿送给今年的春晚导演组: 握草
春节,19,年度与时间,2024春晚小品饱和式押题第一季！饺砸一次包个够~~: 春节导演看了之后紧急重新排练
打,19,其他,papi酱的春晚预测: 2023年来打卡，刚解封不久
跟,19,其他,求求各位，不要再押题春晚小品了……: 不包饺子了，又跟夫妻关系杠上了
美,19,春晚内容相关,2025年春晚押题小品之《再见老登》: 中美澳韩合拍
时代,19,年度与时间,2025春晚小品预测，这届网友太有才了: 辛辛向熔的辛时代
水枪,19,其他,8秒看完2025年春晚: 开除水枪策划
嫂子,19,其他,二进制小品: 最后嫂子
对唱,19,明星与节目,我想看这样的春晚: 哈哈哈哈 我要看情歌对唱
大家,18,情感与互动,2024春晚小品押题《三胎》: 盲猜结尾真的怀上了，大家一起包饺子
肯定,18,情感与互动,2024春晚小品押题《三胎》: 最后肯定是真有了
岁,18,年度与时间,2024春晚小品押题《三胎》: 省流：18岁生三胎
2,18,年度与时间,papi酱的春晚预测: 24年papi真和蔡明老师联动了hhhhh
起,18,春晚内容相关,求求各位，不要再押题春晚小品了……: 那更好了，大家伙儿忙起来
味儿太冲,18,吐槽与负面情绪,《2025年蛇年春晚烂梗小品精选》: 味儿太冲了
80,18,年度与时间,2024春晚小品押题《三胎》: 不一定能活到80哦
男,18,其他,史上最尬！逆天吐槽2023兔年春晚，语言类节目实至名归！: 撩头男：真受罪
生活,18,春晚内容相关,2024春晚小品押题《三胎》: 就现在的生活压力，你凭什么觉得自己一定能活到80?
根本,18,其他,2024春晚小品押题《三胎》: 典，根本没有男人
手机,18,其他,2024春晚小品押题《三胎》: 老人地铁手机
杀,18,其他,有烂梗的春晚才叫过年呐: 斩杀线了
摄影师,18,其他,2024春晚小品饱和式押题第一季！饺砸一次包个够~~: 摄影师：好了！我还要回家包饺砸！
回家,18,春晚主题,2024春晚小品饱和式押题第一季！饺砸一次包个够~~: 摄影师：好了！我还要回家包饺砸！
不看,18,吐槽与负面情绪,2025春晚小品预测，这届网友太有才了: 好多年没看过了，久到记不清是什么时候不看的，，，
认识,18,情感与互动,2024春晚小品饱和式押题第一季！饺砸一次包个够~~: 我已经不认识饺子两字了
岳云鹏,18,明星与节目,2024春晚小品饱和式押题第一季！饺砸一次包个够~~: 岳云鹏实锤
成毅,18,明星与节目,我想看这样的春晚: 别的没笑，成毅演杂技给我笑喷了（吃饭ing）
绝,17,春晚内容相关,我想看这样的春晚: 二上春山绝对看！
养,17,其他,2024春晚小品押题《三胎》: 把养孩子的钱留下来养老不也减轻负担嘛
30,17,年度与时间,2024春晚小品押题《三胎》: 我妈28才生的我。。30生二胎了？？？
妈,17,情感与互动,《2025年蛇年春晚烂梗小品精选》: 等等，左下角怎么小头爸爸和胡图图妈妈在一起啊
卷,17,吐槽与负面情绪,二模卷成功押中春晚真题  看看是怎么个事儿2024春晚小品押题二模卷《小土豆与锅包肉》: 是2025春晚押题卷才对
上班,17,其他,2024春晚小品押题《三胎》: 大年三十不是在上班吗
电视,17,春晚内容相关,《2025年蛇年春晚烂梗小品精选》: 电视机画面离谱
东西,17,其他,2024春晚小品押题《三胎》: 又不是没得看了谁会看这些东西
全,17,其他,二模卷成功押中春晚真题  看看是怎么个事儿2024春晚小品押题二模卷《小土豆与锅包肉》: 一个说的全部菜总共68 一个以为是一块肉68
预制,17,春晚内容相关,2024春晚小品饱和式押题第一季！饺砸一次包个够~~: 年夜饭？预制菜
冯巩,17,明星与节目,2024春晚小品饱和式押题第一季！饺砸一次包个够~~: 冯巩
开除,17,其他,8秒看完2025年春晚: 开除水枪
高,17,其他,papi酱的春晚预测: 等会，谁能提醒我一下 高尔基是什么梗来着
王,17,明星与节目,史上最尬！逆天吐槽2023兔年春晚，语言类节目实至名归！: 长得好像王心凌
汪苏泷,17,明星与节目,我想看这样的春晚: 汪苏泷！！
哪,16,其他,二进制小品: 春晚的哪一个作品来着？忘了，太像了。
太有,16,情感与互动,2024春晚小品押题《三胎》: 太有内味儿了
不到,16,吐槽与负面情绪,2024春晚小品押题《三胎》: 如果节目达不到这个程度怎办
释怀,16,情感与互动,无偿送给今年的春晚导演组: 突然释怀的笑
开心,16,情感与互动,求求各位，不要再押题春晚小品了……: 还不如就把这些都用上，观众看个开心，反而不尬了
嘛,16,情感与互动,2025春晚小品预测，这届网友太有才了: 行啊，搞嘛，直接喷到不看就行
走,16,春晚内容相关,"你觉得今年春晚最有可能出现哪些梗？: 好无聊啊,走了"
行,16,其他,史上最尬！逆天吐槽2023兔年春晚，语言类节目实至名归！: 迪迦可还行？
见,16,情感与互动,2024春晚小品押题《三胎》: 哎呦我靠日语生看见哈基米PTSD（）
11,16,年度与时间,二进制小品: 101010110
烂,16,吐槽与负面情绪,2024春晚小品押题《三胎》: 喜欢玩烂梗？
毁,16,吐槽与负面情绪,8秒看完2025年春晚: 省流：毁了
适用,16,其他,papi酱的春晚预测: 到2023年也适用
完全,16,其他,papi酱的春晚预测: 完全压中
作品,16,春晚内容相关,史上最尬！逆天吐槽2023兔年春晚，语言类节目实至名归！: 王宁有过作品吗
斩杀,15,其他,二模卷成功押中春晚真题  看看是怎么个事儿2024春晚小品押题二模卷《小土豆与锅包肉》: 到斩杀线了
最好,15,情感与互动,2024春晚小品押题《三胎》: 算术最好的一集
前面,15,春晚内容相关,史上最尬！逆天吐槽2023兔年春晚，语言类节目实至名归！: 前面的，抄袭的算不错吗？
上来,15,春晚内容相关,2024春晚小品押题《三胎》: 光是看标题，我的血压就已经上来了。
哎,15,情感与互动,papi酱的春晚预测: 哎呀一转眼怎么都2023辣
后面,15,春晚内容相关,你觉得今年春晚最有可能出现哪些梗？: 后面不搞笑了。台词没有那么有意思
问题,15,其他,2024春晚小品押题《三胎》: 那么问题来了，三胎该叫啥名？
无聊,15,吐槽与负面情绪,"你觉得今年春晚最有可能出现哪些梗？: 好无聊啊,走了"
明白,15,情感与互动,史上最尬！逆天吐槽2023兔年春晚，语言类节目实至名归！: 这里小品的作者没表达明白。他们穿的是海魂衫，估计他想表达因为军恋才导致感情不太好，军嫂确实不容易，因为海军长年在外执行任务
厉害,15,情感与互动,史上最尬！逆天吐槽2023兔年春晚，语言类节目实至名归！: 脱口秀国外厉害的很多，一个人让上千人的场子笑翻天也没问题，国内强的确实少点
女,15,其他,史上最尬！逆天吐槽2023兔年春晚，语言类节目实至名归！: 这女的长的有点怪
马上,15,年度与时间,papi酱的春晚预测: 马上2023年春晚了
全是,15,吐槽与负面情绪,二进制小品: 全是感情
要是,15,其他,2024春晚小品押题《三胎》: 这要是和一家人看到这我真汗流浃背了
精彩,15,春晚内容相关,2024春晚小品押题《三胎》: 哈哈哈哈哈哈 精彩
难,15,吐槽与负面情绪,2024春晚小品押题《三胎》: 难道他真的是天才
一遍,15,春晚内容相关,papi酱的春晚预测: 2023年再来一遍
子,15,其他,2024春晚小品饱和式押题第一季！饺砸一次包个够~~: 这里一嗓子还真有点感动了
除了,15,其他,史上最尬！逆天吐槽2023兔年春晚，语言类节目实至名归！: 除了争吵 没别的
每年,15,年度与时间,无偿送给今年的春晚导演组: 每年最喜欢的节目
反正,15,其他,求求各位，不要再押题春晚小品了……: 这么一说我更想看押题了 反正春晚一定会有小品
蒸蒸日上,15,春晚主题,有烂梗的春晚才叫过年呐: 蒸蒸日上
这辈子,15,年度与时间,《2025年蛇年春晚烂梗小品精选》: 全听懂的这辈子有了
图,15,其他,2024春晚小品押题《三胎》: 考研英语一图画作文：《养老踢皮球》
蔡,15,明星与节目,2024春晚小品押题《三胎》: 老三叫蔡明
因年,15,年度与时间,papi酱的春晚预测: 只因年！要文明
papi,15,其他,papi酱的春晚预测: 24年papi真和蔡明老师联动了hhhhh
基尼,15,春晚内容相关,papi酱的春晚预测: 基尼太没
答辩,15,其他,无偿送给今年的春晚导演组: 什么答辩梗
呜呜,15,情感与互动,我想看这样的春晚: 还有人记得我们三小只，呜呜呜
看不懂,15,吐槽与负面情绪,二进制小品: 看不懂
秘书,15,其他,【旧曲新歌奥密克戎】2022春晚押题相声: 王秘书呢
一桌,15,春晚内容相关,我想看这样的春晚: 支持安欣强子一桌！！！
喜剧,15,春晚内容相关,你觉得今年春晚最有可能出现哪些梗？: 嘴难演的是喜剧，支持灵灵
最尬,15,吐槽与负面情绪,史上最尬！逆天吐槽2023兔年春晚，语言类节目实至名归！: 没有最尬只有更尬
音乐,14,春晚内容相关,2024春晚小品押题《三胎》: 音乐一出蚌埠住了
家,14,春晚主题,我想看这样的春晚: 在搞笑视频里刷你家哥哥名字，只会让路人更讨厌你家哥哥
真有,14,情感与互动,2025春晚小品预测，这届网友太有才了: 还真有人看春晚？
编剧,14,春晚内容相关,求求各位，不要再押题春晚小品了……: 编剧：今年反其道而行之，把押题的全用上，反向押题
够,14,吐槽与负面情绪,无偿送给今年的春晚导演组: 够抽象，够春晚
催婚,14,吐槽与负面情绪,《2025年蛇年春晚烂梗小品精选》: 中心主题：催婚催生，不能偏离主题
秒,14,年度与时间,8秒看完2025年春晚: 前八秒是2025春晚后面的是别的内容
分钟,14,年度与时间,求求各位，不要再押题春晚小品了……: 有点像我十分钟写出来的作文
前,14,年度与时间,二进制小品: 2025年一月前来报到
艹,14,吐槽与负面情绪,2024春晚小品押题《三胎》: 艹
猜,14,情感与互动,二模卷成功押中春晚真题  看看是怎么个事儿2024春晚小品押题二模卷《小土豆与锅包肉》: 盲猜是全都加起来68
出现,14,春晚内容相关,【旧曲新歌奥密克戎】2022春晚押题相声: 定场诗要出现了！
找,14,其他,2024春晚小品饱和式押题第一季！饺砸一次包个够~~: 对味了，找一个更惨的来安慰你，让你感觉还能活
别的,14,其他,求求各位，不要再押题春晚小品了……: 不是他抄段子，可以抄别的博主的呀，跟别的博主说一声，就拿来用了呀
老板,14,其他,《2025年蛇年春晚烂梗小品精选》: 谢老板今年会不会上春晚
剧本,14,春晚内容相关,史上最尬！逆天吐槽2023兔年春晚，语言类节目实至名归！: 好蠢啊，谁写的剧本
24,14,年度与时间,papi酱的春晚预测: 可以出2024年的了
开,14,春晚内容相关,二进制小品: 开始上价值了
属于,14,其他,史上最尬！逆天吐槽2023兔年春晚，语言类节目实至名归！: 春晚的最后一道防线了属于是
留,14,春晚内容相关,无偿送给今年的春晚导演组: 留着那晚当春晚看
小土豆,14,其他,二模卷成功押中春晚真题  看看是怎么个事儿2024春晚小品押题二模卷《小土豆与锅包肉》: 现在到处都是小土豆，很烦
[,14,春晚内容相关,有烂梗的春晚才叫过年呐: 感觉不如那艺娜的贝如塔[狗头]
],14,其他,有烂梗的春晚才叫过年呐: 感觉不如那艺娜的贝如塔[狗头]
美好,14,春晚主题,2025春晚小品预测，这届网友太有才了: 欣欣向荣？美好生活？
语言,14,春晚内容相关,史上最尬！逆天吐槽2023兔年春晚，语言类节目实至名归！: 斗胆申请24年可别准备语言类节目了，唱4个小时歌挺好
打卡,14,情感与互动,papi酱的春晚预测: 2020/12/31前来打卡！
报道,14,春晚内容相关,papi酱的春晚预测: 2023年报道！！
17,14,年度与时间,papi酱的春晚预测: 2023春晚你好 ，还和2017春晚一样没啥变化
徐坤,14,明星与节目,papi酱的春晚预测: 现在想起来该请徐坤了
头,14,其他,《2025年蛇年春晚烂梗小品精选》: 看得我拳头硬了
爸爸,14,其他,《2025年蛇年春晚烂梗小品精选》: 左下角樱桃小丸子，小头爸爸和张小丽
大鼓,14,春晚内容相关,【旧曲新歌奥密克戎】2022春晚押题相声: 上次听这么离谱的京东大鼓还是在上次
抄,14,吐槽与负面情绪,【旧曲新歌奥密克戎】2022春晚押题相声: 春晚：坏了，我成抄作业的了
｛,14,其他,二进制小品: ｛他俩可xxxx了｝
｝,14,其他,二进制小品: ｛他俩可xxxx了｝
一看,14,情感与互动,求求各位，不要再押题春晚小品了……: 一看一个不吱声
情歌,14,明星与节目,我想看这样的春晚: 情歌对唱赶快给我安排
吱声,14,情感与互动,求求各位，不要再押题春晚小品了……: 这《初见照相馆》，你就看吧，一看一个不吱声
三国,14,其他,有烂梗的春晚才叫过年呐: 玩三国杀玩的（
活,13,春晚内容相关,史上最尬！逆天吐槽2023兔年春晚，语言类节目实至名归！: 私房钱这种事情居然今时今日还存在，这应该是生活水平不高导致的
一直,13,年度与时间,无偿送给今年的春晚导演组: 《我一直在查师父的命案》
血压,13,其他,2024春晚小品押题《三胎》: 光是看标题，我的血压就已经上来了。
3,13,年度与时间,二进制小品: 1145万播放23333
音,13,春晚内容相关,二模卷成功押中春晚真题  看看是怎么个事儿2024春晚小品押题二模卷《小土豆与锅包肉》: 小土豆的儿化音过于标准
升华,13,春晚主题,《2025年蛇年春晚烂梗小品精选》: 强行升华
养不起,13,吐槽与负面情绪,2024春晚小品押题《三胎》: 《咱家又不是养不起》
算,13,其他,有烂梗的春晚才叫过年呐: 7.踢着我算你踢到棉花了（形容不和别人计较）
早,13,年度与时间,史上最尬！逆天吐槽2023兔年春晚，语言类节目实至名归！: 去年这会儿我早喝大了，怪不得没印象
话,13,春晚内容相关,我想看这样的春晚: 小品的话把喜剧大赛的导演和演员给请夹
催生,13,吐槽与负面情绪,无偿送给今年的春晚导演组: 催婚催生可太真了
遥遥领先,13,明星与节目,2024春晚小品饱和式押题第一季！饺砸一次包个够~~: 神了！果然遥遥领先
二,13,其他,我想看这样的春晚: 你如果二上春山，将会成为有史以来收视率最高的春晚。
不用,13,吐槽与负面情绪,《2025年蛇年春晚烂梗小品精选》: 《春晚之猜都不用猜》
下,13,其他,无偿送给今年的春晚导演组: 等一下老公不是去非洲一年了吗
四个,13,春晚内容相关,史上最尬！逆天吐槽2023兔年春晚，语言类节目实至名归！: 脱口秀演员确实不重颜值，可也不用挑四个最丑的吧
有没有,13,情感与互动,求求各位，不要再押题春晚小品了……: 有没有无所谓 反正我也不看
嘞,13,春晚内容相关,我想看这样的春晚: 我嘞个甄嬛传啊
拍,13,春晚内容相关,2024春晚小品饱和式押题第一季！饺砸一次包个够~~: 这时摄影师说:拍的再好不如回家多教教爸妈用智能手机学会视频 让他们也搭上互联网的快车
表情,13,情感与互动,史上最尬！逆天吐槽2023兔年春晚，语言类节目实至名归！: 唐完表情
看看,13,情感与互动,求求各位，不要再押题春晚小品了……: 我倒要看看初见照相馆 2
初见,13,情感与互动,求求各位，不要再押题春晚小品了……: 我倒要看看初见照相馆 2
饭,13,其他,2025春晚小品预测，这届网友太有才了: 给的不够一顿饭，编的又没人家演的有意思
郭冬临,13,明星与节目,有烂梗的春晚才叫过年呐: 又来了，怕不是请郭冬临演的龟
长,13,其他,史上最尬！逆天吐槽2023兔年春晚，语言类节目实至名归！: 长得好像王心凌
别人,13,其他,求求各位，不要再押题春晚小品了……: 这个小品是旧的剧本，别人演过的，不是临时编的
核心,13,春晚内容相关,2025春晚小品预测，这届网友太有才了: 如果核心还是要教育民众，那就有可能是
爱,13,情感与互动,史上最尬！逆天吐槽2023兔年春晚，语言类节目实至名归！: 人见人爱？别代表我，我很反感。
投币,13,春晚内容相关,我想看这样的春晚: 卧槽了说到家鱼家丁我必须投币了啊啊啊啊啊啊
过来,13,情感与互动,我想看这样的春晚: 看不过来了看不过来了，哈哈哈
听不懂,13,吐槽与负面情绪,《2025年蛇年春晚烂梗小品精选》: 好几个听不懂我感觉我有救了
海魂衫,13,其他,史上最尬！逆天吐槽2023兔年春晚，语言类节目实至名归！: 海魂衫吗，很怀旧
许嵩,13,明星与节目,我想看这样的春晚: 许嵩！！！
单依纯,13,明星与节目,我想看这样的春晚: 单依纯有品！
18,12,年度与时间,2024春晚小品押题《三胎》: 省流：18岁生三胎
三室一厅,12,其他,史上最尬！逆天吐槽2023兔年春晚，语言类节目实至名归！: 我看到这里都替演员尴尬地抠出三室一厅
基米,12,其他,2024春晚小品押题《三胎》: 有没有可能三个孩子哈基米
事,12,其他,无偿送给今年的春晚导演组: 没事，都撒那么多币了，不缺你一个人
科目,12,其他,求求各位，不要再押题春晚小品了……: 那今年还得有科目三
蔡明,12,明星与节目,papi酱的春晚预测: 穿越回来，和蔡明老师拍了一期视频了
更好,12,情感与互动,求求各位，不要再押题春晚小品了……: 那更好了，大家伙儿忙起来
绷住,12,情感与互动,有烂梗的春晚才叫过年呐: 到这没绷住
脚趾,12,其他,史上最尬！逆天吐槽2023兔年春晚，语言类节目实至名归！: 脱口秀是真的脚趾抠地
只是,12,其他,求求各位，不要再押题春晚小品了……: 还没有啊，要离的突然没有矛盾了，只是把包饺子换了个形式罢了
太正,12,吐槽与负面情绪,2024春晚小品押题《三胎》: 味儿太正了
表演,12,春晚内容相关,史上最尬！逆天吐槽2023兔年春晚，语言类节目实至名归！: 王宁的表演一直很。。。特别是欢乐喜剧人的东西看到就想。。。。
无,12,其他,2024春晚小品押题《三胎》: 说得好，无论男女都不是为了给社会提供劳动力结婚生子的
留着,12,情感与互动,有烂梗的春晚才叫过年呐: 留着过年看
表示,12,情感与互动,我想看这样的春晚: 新疆ip表示苹果香原唱真的很有味道，很好听
舒服,12,情感与互动,二进制小品: 舒服了
真想,12,情感与互动,我想看这样的春晚: 完了这个对唱是真想看
恐怖,12,吐槽与负面情绪,二模卷成功押中春晚真题  看看是怎么个事儿2024春晚小品押题二模卷《小土豆与锅包肉》: 恐怖
剧情,12,春晚内容相关,无偿送给今年的春晚导演组: 这炸裂的剧情
搞,12,其他,无偿送给今年的春晚导演组: 笑死我了，这段太搞了
吃饺子,12,春晚内容相关,二进制小品: 边吃饺子边看的（）
一句,12,春晚内容相关,你觉得今年春晚最有可能出现哪些梗？: 就冲这一句，你赞有了 (印真
场,12,春晚内容相关,2024春晚小品饱和式押题第一季！饺砸一次包个够~~: 笑场不断
建议,12,情感与互动,求求各位，不要再押题春晚小品了……: 建议改为:《沈阳大街的尴尬50秒》
别说,12,情感与互动,史上最尬！逆天吐槽2023兔年春晚，语言类节目实至名归！: 话别说死
从,12,其他,史上最尬！逆天吐槽2023兔年春晚，语言类节目实至名归！: 他演的的东西从没有任何亮点 夸张生硬 表情做作 
其他,12,其他,史上最尬！逆天吐槽2023兔年春晚，语言类节目实至名归！: 只能算及格，其他几个1-2分之间
声音,12,春晚内容相关,你觉得今年春晚最有可能出现哪些梗？: 我特么听这闹钟声音都应激了
公式,12,其他,有烂梗的春晚才叫过年呐: 公式做题
2017,12,年度与时间,papi酱的春晚预测: 哈哈哈哈哈哈哈梦回2017
坤,12,其他,2024春晚小品押题《三胎》: 没有我坤哥不是很认可（doge）
常看,12,春晚内容相关,papi酱的春晚预测: 常看常新（来自2023）
常新,12,春晚主题,papi酱的春晚预测: 常看常新
你好,12,情感与互动,《2025年蛇年春晚烂梗小品精选》: 你好，你好，你好你好闭嘴（）
本来,12,其他,求求各位，不要再押题春晚小品了……: 本来就拉，还推卸责任给博主，笑死
出装,12,其他,《2025年蛇年春晚烂梗小品精选》: 固定出装
绝对,12,其他,无偿送给今年的春晚导演组: 你绝对说对了，哈哈哈…（锤桌！）
玩意,12,其他,无偿送给今年的春晚导演组: 刚怀孕就生了，啥玩意啊
谢帝,12,明星与节目,《2025年蛇年春晚烂梗小品精选》: 逆天谢帝
向,12,其他,2025春晚小品预测，这届网友太有才了: 辛辛向熔的辛时代
虾,12,其他,史上最尬！逆天吐槽2023兔年春晚，语言类节目实至名归！: 虾！虾！虾！虾！
反押题,12,吐槽与负面情绪,求求各位，不要再押题春晚小品了……: 反押题
大伟,11,其他,2024春晚小品押题《三胎》: 60年后你和大伟90了
三十,11,年度与时间,2024春晚小品押题《三胎》: 鬼故事，三十三个娃
催,11,情感与互动,2025春晚小品预测，这届网友太有才了: 生活好累，没看到美好，这美好了还要你催生
太逆天,11,吐槽与负面情绪,2024春晚小品押题《三胎》: ←前面三棱锥的太逆天了
掌声,11,情感与互动,无偿送给今年的春晚导演组: 听懂掌声
穿越,11,春晚内容相关,papi酱的春晚预测: WC她是穿越者吗？
bgm,11,春晚内容相关,2024春晚小品饱和式押题第一季！饺砸一次包个够~~: bgm太对味了
浓,11,春晚内容相关,无偿送给今年的春晚导演组: 味儿太浓了
该,11,其他,无偿送给今年的春晚导演组: 应该是“好~~啦！！！”
唯一,11,春晚内容相关,史上最尬！逆天吐槽2023兔年春晚，语言类节目实至名归！: 这个节目唯一的看点是佳宁
的话,11,其他,我想看这样的春晚: 小品的话把喜剧大赛的导演和演员给请夹
写,11,春晚内容相关,史上最尬！逆天吐槽2023兔年春晚，语言类节目实至名归！: 吵架作文写的没有琼瑶好
是不是,11,情感与互动,2025春晚小品预测，这届网友太有才了: 大家一起生孩子？是不是限制级的啊？限制级的我就看
byd,11,其他,二模卷成功押中春晚真题  看看是怎么个事儿2024春晚小品押题二模卷《小土豆与锅包肉》: byd大年三十旅游是吧
还要,11,情感与互动,2025春晚小品预测，这届网友太有才了: 现在干什么，人都特别多，还要生
要素,11,春晚内容相关,无偿送给今年的春晚导演组: 要素全面
提前,11,年度与时间,2024春晚小品饱和式押题第一季！饺砸一次包个够~~: 提前把春晚看完了
为啥,11,吐槽与负面情绪,史上最尬！逆天吐槽2023兔年春晚，语言类节目实至名归！: 为啥老让影视演员演小品啊 喜剧的节奏一般演员来不了。。
甚至,11,其他,史上最尬！逆天吐槽2023兔年春晚，语言类节目实至名归！: 我甚至都不知道有这个小品
现场,11,春晚内容相关,无偿送给今年的春晚导演组: 现场生！
压中,11,春晚内容相关,二模卷成功押中春晚真题  看看是怎么个事儿2024春晚小品押题二模卷《小土豆与锅包肉》: 压中了，6
拿,11,其他,2024春晚小品押题《三胎》: 这尬味儿拿捏太到位了！！
收藏,11,其他,你觉得今年春晚最有可能出现哪些梗？: 加入春晚收藏夹
狗,11,其他,2024春晚小品饱和式押题第一季！饺砸一次包个够~~: hhh狗吐莲花哈哈哈哈哈
再见,11,情感与互动,无偿送给今年的春晚导演组: 再见照相馆h
所有,11,其他,我想看这样的春晚: 不是所有人都磕CP的。。。
冲,11,春晚内容相关,2024春晚小品押题《三胎》: 好家伙 味太冲了
个人,11,其他,无偿送给今年的春晚导演组: 这特么 这两个人年收入两百个起步了
全程,11,春晚内容相关,求求各位，不要再押题春晚小品了……: 没有中途误会，是全程误会
大过年,11,年度与时间,史上最尬！逆天吐槽2023兔年春晚，语言类节目实至名归！: 为什么大过年的还非要吵架？
当,11,其他,我想看这样的春晚: 三小只来春晚，我就当是12周年办了哈
还好,11,情感与互动,史上最尬！逆天吐槽2023兔年春晚，语言类节目实至名归！: 我的妈呀还好没看
当时,11,年度与时间,史上最尬！逆天吐槽2023兔年春晚，语言类节目实至名归！: 看到这当时就来了句带尼码
一家,11,春晚内容相关,无偿送给今年的春晚导演组: 才一家三口，有没有一点政治觉悟，起码一家5口
声,11,春晚内容相关,【旧曲新歌奥密克戎】2022春晚押题相声: 这段是郭冬临原声吧？
京东,11,其他,【旧曲新歌奥密克戎】2022春晚押题相声: 京东大鼓
哥们,11,情感与互动,史上最尬！逆天吐槽2023兔年春晚，语言类节目实至名归！: 这个哥们长得挺好看的
妙蛙,11,其他,二进制小品: 妙蛙饺子
原版,11,春晚内容相关,史上最尬！逆天吐槽2023兔年春晚，语言类节目实至名归！: 《原版就是办理离婚证》
怀,10,情感与互动,2024春晚小品押题《三胎》: 结尾一定是真怀上了
包袱,10,春晚内容相关,求求各位，不要再押题春晚小品了……: 开创无包袱的是阳台
大年三十,10,年度与时间,无偿送给今年的春晚导演组: 今年要是有这段，大年三十我请假回家看春晚
好家伙,10,情感与互动,无偿送给今年的春晚导演组: 好家伙，什么玩意？
小曲,10,春晚内容相关,二模卷成功押中春晚真题  看看是怎么个事儿2024春晚小品押题二模卷《小土豆与锅包肉》: 症能量の小曲
张小斐,10,明星与节目,2024春晚小品押题《三胎》: 这不张小斐的风格么
这段,10,春晚内容相关,你觉得今年春晚最有可能出现哪些梗？: 建议这段换成唱跳rap
难道,10,情感与互动,求求各位，不要再押题春晚小品了……: 难道提包饺子就搞笑了吗
实在,10,情感与互动,无偿送给今年的春晚导演组: 实在没活可以咬打火机  怕崩嘴可以咬没气的
加,10,其他,二模卷成功押中春晚真题  看看是怎么个事儿2024春晚小品押题二模卷《小土豆与锅包肉》: 我猜是加在一块68哈哈哈哈哈哈
不想,10,情感与互动,我想看这样的春晚: 别恶心人呀，不想春晚看见那对夫妻
味太对,10,吐槽与负面情绪,2025年春晚押题小品之《再见老登》: 这“city不city”味太对了，春晚可找不出发音这么洋气的演员
那味,10,吐槽与负面情绪,二模卷成功押中春晚真题  看看是怎么个事儿2024春晚小品押题二模卷《小土豆与锅包肉》: 有那味儿了
吓,10,吐槽与负面情绪,2024春晚小品押题《三胎》: 吓死我了
台词,10,春晚内容相关,你觉得今年春晚最有可能出现哪些梗？: 后面不搞笑了。台词没有那么有意思
您,10,情感与互动,【旧曲新歌奥密克戎】2022春晚押题相声: 您这手可是四儿
干,10,其他,《2025年蛇年春晚烂梗小品精选》: 白手套？我已经想到要干什么了
炸裂,10,吐槽与负面情绪,求求各位，不要再押题春晚小品了……: 炸裂（物理）
感动,10,情感与互动,无偿送给今年的春晚导演组: 他们依旧那么喜欢感动自己
妈呀,10,情感与互动,我想看这样的春晚: 妈呀没有周深差评不看了
50,10,年度与时间,无偿送给今年的春晚导演组: 刚刚结婚家里老人也才50多，65退休，老人也要上班
钱,10,其他,2024春晚小品饱和式押题第一季！饺砸一次包个够~~: 的物打钱
神,10,春晚内容相关,我想看这样的春晚: 80咋了，80岁姜子牙刚准备去封神
马,10,春晚内容相关,2024春晚小品押题《三胎》: 这不是沈腾和马丽那个“譬如我就是那个譬如呢”
问,10,情感与互动,2025春晚小品预测，这届网友太有才了: 有什么问题吗
味道,10,春晚内容相关,我想看这样的春晚: 新疆ip表示苹果香原唱真的很有味道，很好听
跳,10,春晚内容相关,二模卷成功押中春晚真题  看看是怎么个事儿2024春晚小品押题二模卷《小土豆与锅包肉》: 后面还要跳科目三是吧
改,10,春晚内容相关,求求各位，不要再押题春晚小品了……: 怎么，改包混沌了啊？
王宝强,10,明星与节目,史上最尬！逆天吐槽2023兔年春晚，语言类节目实至名归！: 王宝强是真不行
期待,10,情感与互动,史上最尬！逆天吐槽2023兔年春晚，语言类节目实至名归！: 《倍感期待》
夫妻,10,春晚内容相关,史上最尬！逆天吐槽2023兔年春晚，语言类节目实至名归！: 唐氏夫妻
段子,10,春晚内容相关,求求各位，不要再押题春晚小品了……: 不是他抄段子，可以抄别的博主的呀，跟别的博主说一声，就拿来用了呀
13,10,年度与时间,二模卷成功押中春晚真题  看看是怎么个事儿2024春晚小品押题二模卷《小土豆与锅包肉》: 2401311930
火,10,春晚内容相关,我想看这样的春晚: 虞书欣丁禹兮你们是真的火了
圈,10,其他,二模卷成功押中春晚真题  看看是怎么个事儿2024春晚小品押题二模卷《小土豆与锅包肉》: 哈 圈 春 晚
求,10,情感与互动,2024春晚小品饱和式押题第一季！饺砸一次包个够~~: 别搞，求你，千万别搞哈基米这东西
价值,10,春晚内容相关,有烂梗的春晚才叫过年呐: 上价值
赶紧,10,情感与互动,papi酱的春晚预测: 天呐好尴尬我赶紧选个地洞钻进去
汤圆,10,春晚内容相关,2024春晚小品饱和式押题第一季！饺砸一次包个够~~: 我们过年吃汤圆
里面,10,春晚内容相关,史上最尬！逆天吐槽2023兔年春晚，语言类节目实至名归！: 王宝强算是这几个里面相对来说不错的了
这女,10,明星与节目,史上最尬！逆天吐槽2023兔年春晚，语言类节目实至名归！: 这女的是谁，感觉好漂亮呀
题,10,春晚内容相关,《2025年蛇年春晚烂梗小品精选》: 开始押题
city,10,其他,2025年春晚押题小品之《再见老登》: city突然流畅哈哈哈哈哈哈
预言家,10,其他,无偿送给今年的春晚导演组: 预言家给刀了
年来,10,年度与时间,papi酱的春晚预测: 25年来打卡
复习,10,其他,papi酱的春晚预测: 2023的回来复习
及,10,其他,《2025年蛇年春晚烂梗小品精选》: 埃及吧演不演
依然,10,情感与互动,papi酱的春晚预测: 2017的作品2023居然依然适用
全家福,10,春晚内容相关,无偿送给今年的春晚导演组: 全家福，但没老人
折叠,10,其他,有烂梗的春晚才叫过年呐: 12.华为：三折叠，怎么折都有面
左下角,10,春晚内容相关,《2025年蛇年春晚烂梗小品精选》: 等一下，左下角全家福是不是小头爸爸和张小丽？
气笑,10,情感与互动,无偿送给今年的春晚导演组: 给气笑了
专业,10,春晚内容相关,史上最尬！逆天吐槽2023兔年春晚，语言类节目实至名归！: 专业的事交给专业的人
儿化,10,春晚内容相关,二模卷成功押中春晚真题  看看是怎么个事儿2024春晚小品押题二模卷《小土豆与锅包肉》: 南方人还儿化音呐
南方人,10,其他,二模卷成功押中春晚真题  看看是怎么个事儿2024春晚小品押题二模卷《小土豆与锅包肉》: 这口音就不是南方人
哥,10,其他,我想看这样的春晚: 我要看脱缰凯凯哥！
外贸,10,其他,无偿送给今年的春晚导演组: 在广东做外贸
正常,9,其他,史上最尬！逆天吐槽2023兔年春晚，语言类节目实至名归！: 就说有正常人会干这种事么
专家,9,其他,2024春晚小品押题《三胎》: 太ex了专家 呵
说话,9,情感与互动,史上最尬！逆天吐槽2023兔年春晚，语言类节目实至名归！: 王宝强说话我都听不清楚他在说什么，感觉口齿不清晰，没有字幕简直就是灾难
线,9,其他,史上最尬！逆天吐槽2023兔年春晚，语言类节目实至名归！: 春晚的最后一道防线了属于是
需要,9,其他,2024春晚小品押题《三胎》: 因为考试需要李华
开头,9,春晚内容相关,史上最尬！逆天吐槽2023兔年春晚，语言类节目实至名归！: 麻蛋这开头吓得我在地铁上一秒退出去了
这味,9,吐槽与负面情绪,《2025年蛇年春晚烂梗小品精选》: 天呐，这味太对了
哇袄,9,情感与互动,2024春晚小品押题《三胎》: 哇袄
号,9,年度与时间,史上最尬！逆天吐槽2023兔年春晚，语言类节目实至名归！: 这个可以解释吧，本来就是他的车他的号码。
道理,9,其他,2024春晚小品押题《三胎》: 有点道理
咂,9,吐槽与负面情绪,无偿送给今年的春晚导演组: 但是有饺咂呀
b,9,其他,《2025年蛇年春晚烂梗小品精选》: blued
拉,9,其他,2024春晚小品饱和式押题第一季！饺砸一次包个够~~: 氛围感拉满，所有小品精髓都get了，希望春晚导演看到，小本本上能划掉一些写好的剧本
就行了,9,其他,求求各位，不要再押题春晚小品了……: 别看就行了
错,9,吐槽与负面情绪,我想看这样的春晚: 啊啊啊啊啊啊没错宇宙中心
诶,9,情感与互动,2024春晚小品押题《三胎》: 我的妈诶，味太对了
指,9,其他,2024春晚小品押题《三胎》: 又不是养不起，指白米饭管饱
先,9,其他,求求各位，不要再押题春晚小品了……: 公式流 遥遥领先
猫,9,其他,我想看这样的春晚: 豹猫绝配，这个是真想看
语,9,春晚内容相关,《2025年蛇年春晚烂梗小品精选》: 骂它们真是侮辱了汉语
气,9,情感与互动,你觉得今年春晚最有可能出现哪些梗？: 大学生咋这么老气
难受,9,情感与互动,你觉得今年春晚最有可能出现哪些梗？: 真是相当难受哈哈哈哈
内容,9,春晚内容相关,求求各位，不要再押题春晚小品了……: 邻居吵架都比这有内容
押韵,9,春晚内容相关,2024春晚小品饱和式押题第一季！饺砸一次包个够~~: 太押韵了，不像
我服,9,情感与互动,2024春晚小品饱和式押题第一季！饺砸一次包个够~~: 我服了
正确,9,其他,有烂梗的春晚才叫过年呐: 正确了
看着,9,情感与互动,史上最尬！逆天吐槽2023兔年春晚，语言类节目实至名归！: 这胖子看着就烦。。。
hhh,9,情感与互动,papi酱的春晚预测: hhhhhhhhhhhh 笑不活了
改成,9,春晚内容相关,求求各位，不要再押题春晚小品了……: 改成夫妻吵架了呗
眼神,9,情感与互动,史上最尬！逆天吐槽2023兔年春晚，语言类节目实至名归！: 智慧的眼神
们,9,其他,二进制小品: “爸妈等了一年又一年，我们留下，为的是让你好团圆！”
地铁,9,其他,2025春晚小品预测，这届网友太有才了: 打算春晚就看那个挖地铁和盗墓的小品，然后耍手机了
好玩,9,情感与互动,史上最尬！逆天吐槽2023兔年春晚，语言类节目实至名归！: 王宝强带点邢台口音，我河北人看着觉得挺好玩哈哈
一般,9,吐槽与负面情绪,史上最尬！逆天吐槽2023兔年春晚，语言类节目实至名归！: 沈腾那个也一般，根本没看下去的欲望
放,9,春晚内容相关,有烂梗的春晚才叫过年呐: 放冰柜里
可是,9,其他,求求各位，不要再押题春晚小品了……: 可是…本来就没有小品啊
5,9,年度与时间,papi酱的春晚预测: 现在时间：2023年1月15日
几年,9,年度与时间,2024春晚小品押题《三胎》: 好几年没看春晚了，现在已经进化到这种风格了吗？可以可以
外卖,9,其他,2024春晚小品饱和式押题第一季！饺砸一次包个够~~: 外卖：我是什么很贱的外卖吗？
形式,9,春晚内容相关,史上最尬！逆天吐槽2023兔年春晚，语言类节目实至名归！: 脱口秀这种艺术形式本就不适合大型典礼
进度条,9,春晚内容相关,2024春晚小品饱和式押题第一季！饺砸一次包个够~~: 恐怖故事，进度条还没过半
这俩,9,情感与互动,史上最尬！逆天吐槽2023兔年春晚，语言类节目实至名归！: 这俩更完蛋
不适,9,吐槽与负面情绪,史上最尬！逆天吐槽2023兔年春晚，语言类节目实至名归！: 脱口秀这种艺术形式本就不适合大型典礼
主题,9,春晚主题,2025春晚小品预测，这届网友太有才了: 这能叫主题？
一次,9,春晚内容相关,求求各位，不要再押题春晚小品了……: 不压题博主怎么出有热度视频？一年难得一次好几回不得多出几个
理解,9,情感与互动,2024春晚小品饱和式押题第一季！饺砸一次包个够~~: 理解你丫
太冲,9,其他,有烂梗的春晚才叫过年呐: 这味儿可太冲了
刚,9,年度与时间,8秒看完2025年春晚: 刚到大学赶上了科派诺毁内脏蛋白粉
为,9,其他,无偿送给今年的春晚导演组: 是啊 不生孩子为什么要结婚？我直接不结
正好,9,情感与互动,求求各位，不要再押题春晚小品了……: 那不正好
印象,9,情感与互动,求求各位，不要再押题春晚小品了……: 关键是小品，这两个字那个字体现了说小品一定要搞笑的？？这不是刻板印象嘛
耳机,9,其他,你觉得今年春晚最有可能出现哪些梗？: 同款耳机，大学统一订购用来考四六级的
天津,9,其他,2024春晚小品饱和式押题第一季！饺砸一次包个够~~: 天津饭直呼内行
鞋底,9,其他,2024春晚小品饱和式押题第一季！饺砸一次包个够~~: 这不在带个蘸料？毕竟有的蘸料那可是沾鞋底都香正好配套了
魔幻,9,春晚内容相关,【旧曲新歌奥密克戎】2022春晚押题相声: 魔幻bgm
两分钟,9,年度与时间,【旧曲新歌奥密克戎】2022春晚押题相声: 两分钟有点烫
直播,9,春晚内容相关,无偿送给今年的春晚导演组: 好好好，有种就这样，直播把弹幕开起来
以前,9,年度与时间,我想看这样的春晚: 我春晚只想看语言类节目（当然这是指以前那种），完全不想看那些演员跨界唱难听的歌曲，
特别,9,春晚内容相关,史上最尬！逆天吐槽2023兔年春晚，语言类节目实至名归！: 王宁的表演一直很。。。特别是欢乐喜剧人的东西看到就想。。。。
只有,9,其他,史上最尬！逆天吐槽2023兔年春晚，语言类节目实至名归！: 没有最尬只有更尬
短,9,春晚内容相关,2024春晚小品押题《三胎》: 这个短发怎么和张凯力健那么像
混,9,吐槽与负面情绪,8秒看完2025年春晚: 云小鬼不准混！！！！！
之,9,其他,无偿送给今年的春晚导演组: 神之一手
傅园慧,9,明星与节目,papi酱的春晚预测: 傅园慧
再来,9,情感与互动,papi酱的春晚预测: 2023再来一遍
地,9,其他,2024春晚小品押题《三胎》: 平常要脚趾扣地就算了，过年的都不让我的脚趾休息休息，救命
脸,9,其他,2024春晚小品饱和式押题第一季！饺砸一次包个够~~: 小黄脸塑料袋出现了！
离婚,9,其他,史上最尬！逆天吐槽2023兔年春晚，语言类节目实至名归！: 这个其实原剧本就是离婚，抄都抄不明白
很多,9,其他,史上最尬！逆天吐槽2023兔年春晚，语言类节目实至名归！: 摄影师比这四个好很多了
妈妈,9,情感与互动,《2025年蛇年春晚烂梗小品精选》: 子涵妈妈（三胎备孕中）
原,9,其他,2024春晚小品押题《三胎》: 原来孩子是婆婆的逆天
三弦,9,春晚内容相关,【旧曲新歌奥密克戎】2022春晚押题相声: 当年冯巩欲找我三弦老师拜师，一次进入北京曲艺圈，我老师没收doge
中国,9,其他,二进制小品: 这个小品只有中国人能看得懂
强,9,春晚内容相关,求求各位，不要再押题春晚小品了……: 强行误会真没有嘛(doge)
王宁,9,明星与节目,史上最尬！逆天吐槽2023兔年春晚，语言类节目实至名归！: 王宁的表演一直很。。。特别是欢乐喜剧人的东西看到就想。。。。
兮,9,其他,我想看这样的春晚: 虞书欣丁禹兮！！！！
TFBOYS,9,明星与节目,我想看这样的春晚: 让TFBOYS合体！！！！！！
邓紫棋,9,明星与节目,我想看这样的春晚: 啊啊啊啊啊！邓紫棋！！！
压力,8,吐槽与负面情绪,2024春晚小品押题《三胎》: 就现在的生活压力，你凭什么觉得自己一定能活到80?
拥,8,情感与互动,2024春晚小品押题《三胎》: 你把人笑拥了
喝,8,其他,8秒看完2025年春晚: 我妈说我喝过
真怀,8,情感与互动,2024春晚小品押题《三胎》: 结尾一定是真怀上了
数学,8,其他,求求各位，不要再押题春晚小品了……: 九省联考数学
呐,8,其他,2024春晚小品押题《三胎》: 孩脑袋挺尖呐
看见,8,春晚内容相关,《2025年蛇年春晚烂梗小品精选》: 看见奶龙了
认可,8,情感与互动,2024春晚小品押题《三胎》: 不是秀香我不是很认可
哎呀,8,情感与互动,2025年春晚押题小品之《再见老登》: 怎么没有 ：好啦！哎呀
怀孕,8,其他,2024春晚小品押题《三胎》: 艾丽假怀孕骗婆婆比这好笑
包饺,8,春晚内容相关,史上最尬！逆天吐槽2023兔年春晚，语言类节目实至名归！: 包饺砸！
容易,8,其他,二模卷成功押中春晚真题  看看是怎么个事儿2024春晚小品押题二模卷《小土豆与锅包肉》: 最容易出现经典结尾的一集
真不错,8,情感与互动,2024春晚小品押题《三胎》: up演技真不错
米诺斯,8,其他,2024春晚小品押题《三胎》: 三孩，阿米诺斯
差评,8,吐槽与负面情绪,2024春晚小品押题《三胎》: 如果把过程放出来就不点差评
烦,8,吐槽与负面情绪,"2024春晚小品押题《三胎》: 是烦""死""了 烦""死""了"
嗯,8,情感与互动,2024春晚小品押题《三胎》: 嗯……怎么不是呢
精髓,8,春晚内容相关,2024春晚小品押题《三胎》: 太精髓了，哈哈哈哈哈
连招,8,春晚内容相关,2024春晚小品饱和式押题第一季！饺砸一次包个够~~: 流畅丝滑的连招
干嘛,8,吐槽与负面情绪,2024春晚小品押题《三胎》: 所以不生了，干嘛要让孩子受苦？
阿,8,其他,2025年春晚押题小品之《再见老登》: 那个麦克阿瑟他演过长津湖在那里面就能看到在一艘美军的舰船上
关,8,春晚内容相关,求求各位，不要再押题春晚小品了……: 《》关键是要生孩子
B,8,其他,有烂梗的春晚才叫过年呐: 鲁A济南车～鲁B青岛的～
喷,8,吐槽与负面情绪,我想看这样的春晚: 别的没笑，成毅演杂技给我笑喷了（吃饭ing）
就要,8,年度与时间,2024春晚小品押题《三胎》: 可是再生一个那两个就要照顾7个了（疑惑）
没事,8,情感与互动,无偿送给今年的春晚导演组: 没事，都撒那么多币了，不缺你一个人
小孩,8,春晚内容相关,2024春晚小品押题《三胎》: 那他俩得多惨呐，照顾四个老人，三个小孩
一天,8,年度与时间,papi酱的春晚预测: 距离2024过年还有一天！
存在,8,其他,2024春晚小品押题《三胎》: 你是否还存在都是个问题
头皮发麻,8,吐槽与负面情绪,2024春晚小品押题《三胎》: 头皮发麻了
转折,8,春晚内容相关,二进制小品: 《二战转折点》
4,8,年度与时间,papi酱的春晚预测: 2024了
",",8,其他,"2024春晚小品押题《三胎》: 啊啊啊啊啊啊,好尬"
确信,8,情感与互动,papi酱的春晚预测: 基尼太美（确信）
woc,8,其他,2024春晚小品押题《三胎》: woc？30生二胎？
至此,8,年度与时间,2024春晚小品押题《三胎》: 至此，已成艺术
已成,8,年度与时间,2024春晚小品押题《三胎》: 至此，已成艺术
放假,8,年度与时间,2024春晚小品押题《三胎》: 除夕不是不放假吗。。
虽然,8,其他,8秒看完2025年春晚: 虽然莫名其妙 但是好笑
二进制,8,其他,二进制小品: 真二进制
灵魂,8,春晚内容相关,2024春晚小品饱和式押题第一季！饺砸一次包个够~~: 那个嗨害嗨太灵魂
吃饱,8,其他,2024春晚小品饱和式押题第一季！饺砸一次包个够~~: 我的天啊，我已经吃饱了不要再包了
多少,8,春晚内容相关,我想看这样的春晚: 单依纯专辑上《多少的光阴》！！！
兄弟,8,情感与互动,2024春晚小品饱和式押题第一季！饺砸一次包个够~~: 味太冲了  我遭不住了兄弟们
高手,8,明星与节目,2024春晚小品饱和式押题第一季！饺砸一次包个够~~: 玩梗高手
晚上,8,年度与时间,2024春晚小品饱和式押题第一季！饺砸一次包个够~~: 要不三十晚上就看这个得了，一码回事
币,8,其他,你觉得今年春晚最有可能出现哪些梗？: 真不错  投币
下次,8,年度与时间,【旧曲新歌奥密克戎】2022春晚押题相声: 唱得很好，下次不许唱了
口音,8,春晚内容相关,二模卷成功押中春晚真题  看看是怎么个事儿2024春晚小品押题二模卷《小土豆与锅包肉》: 这口音暴露了……
能量,8,春晚内容相关,2024春晚小品饱和式押题第一季！饺砸一次包个够~~: 正能量
笑点,8,春晚内容相关,史上最尬！逆天吐槽2023兔年春晚，语言类节目实至名归！: 这小品的笑点全在大哥这
哪里,8,其他,2025年春晚押题小品之《再见老登》: 这豆角哪里老了
标准,8,其他,2025年春晚押题小品之《再见老登》: City发音好标准，英语不错
站,8,其他,《2025年蛇年春晚烂梗小品精选》: 站位布豪
南方,8,春晚内容相关,2024春晚小品饱和式押题第一季！饺砸一次包个够~~: 哈哈哈哈哈哈经典河南方言
高能,8,春晚内容相关,《2025年蛇年春晚烂梗小品精选》: 左下角的小电视全程高能
天天,8,年度与时间,2025春晚小品预测，这届网友太有才了: 不是吧，除了老年人，谁还看春晚，365天，天天被教育，过个年也要被教育
大学,8,其他,你觉得今年春晚最有可能出现哪些梗？: 老年大学（确信）
疫情,8,春晚内容相关,papi酱的春晚预测: 从2022年来的，有疫情，买口罩！
...,8,未知,我想看这样的春晚: 我嘞个甄嬛传...不得不看了
巳,8,年度与时间,2025春晚小品预测，这届网友太有才了: 今年吉祥物名字巳生生就能说明问题
赵本山,8,明星与节目,二进制小品: 越来越怀念赵本山
差点,8,吐槽与负面情绪,无偿送给今年的春晚导演组: 在图书馆差点憋死
吵,8,吐槽与负面情绪,8秒看完2025年春晚: 好吵的视频
8,8,年度与时间,papi酱的春晚预测: 8年后还能用
骇死,8,吐槽与负面情绪,8秒看完2025年春晚: 阿呀，骇死我力！
高考,8,其他,求求各位，不要再押题春晚小品了……: 编剧刚从高考出题人的职位上退下来
0,8,其他,papi酱的春晚预测: 2023年12月14日
观看,8,春晚内容相关,papi酱的春晚预测: 2023平安夜前来观看
流传,8,春晚内容相关,papi酱的春晚预测: 经典咏流传
只能,8,其他,二进制小品: 这种视频也能火，只能说明多数的网民是搐生
青海,8,其他,《2025年蛇年春晚烂梗小品精选》: 要是真有青海摇明年春晚就别办了
耿鬼,8,春晚内容相关,《2025年蛇年春晚烂梗小品精选》: 耿鬼？
牛批,8,吐槽与负面情绪,【旧曲新歌奥密克戎】2022春晚押题相声: 好家伙  一人分饰两角  冯老师牛批
开花,8,春晚内容相关,【旧曲新歌奥密克戎】2022春晚押题相声: 两开花两开花
锅包肉,8,其他,二模卷成功押中春晚真题  看看是怎么个事儿2024春晚小品押题二模卷《小土豆与锅包肉》: 一块68就是一块锅包肉68，一块儿是指所有加起来68
宝可梦,8,其他,二进制小品: 三只宝可梦
旭东,8,明星与节目,史上最尬！逆天吐槽2023兔年春晚，语言类节目实至名归！: 马旭东，喜2里很好的演员，就是这个作品给耽误了
周杰伦,8,明星与节目,史上最尬！逆天吐槽2023兔年春晚，语言类节目实至名归！: 哎呦，差点看成周杰伦
这演,8,春晚内容相关,史上最尬！逆天吐槽2023兔年春晚，语言类节目实至名归！: 这演的什么狗屁？
狗屁,8,吐槽与负面情绪,史上最尬！逆天吐槽2023兔年春晚，语言类节目实至名归！: 这演的什么狗屁？
王妈,8,春晚内容相关,我想看这样的春晚: 支持给王妈团队留一桌
记住,8,情感与互动,无偿送给今年的春晚导演组: ↑记住个der啊？剧透昵蚂啊？
瑞士,8,其他,有烂梗的春晚才叫过年呐: 什么都是梗，瑞士卷是什么梗？没听说过，也不想知道这种没价值的梗
三棱锥,7,其他,2024春晚小品押题《三胎》: 怀了个三棱锥
公司,7,其他,2024春晚小品押题《三胎》: 大年三十不在公司吗
那些,7,春晚内容相关,2024春晚小品押题《三胎》: 很抽象，但是很符合那些专家的说法
60,7,年度与时间,【旧曲新歌奥密克戎】2022春晚押题相声: 6000
作文,7,其他,无偿送给今年的春晚导演组: 命题作文成功
儿,7,春晚内容相关,史上最尬！逆天吐槽2023兔年春晚，语言类节目实至名归！: 少儿频道都没这么尬吧
tm,7,其他,无偿送给今年的春晚导演组: 这tm还有续集
触发,7,情感与互动,2024春晚小品押题《三胎》: 触发关键词
不算,7,吐槽与负面情绪,2024春晚小品押题《三胎》: 这个笑料已经不算尴尬了
到位,7,春晚内容相关,2024春晚小品押题《三胎》: 这尬味儿拿捏太到位了！！
害怕,7,情感与互动,2024春晚小品押题《三胎》: 我开始害怕了！
婆婆,7,春晚内容相关,2024春晚小品押题《三胎》: 结尾婆婆怀了，皆大欢喜
一模一样,7,春晚内容相关,2024春晚小品押题《三胎》: 一模一样的
要来力,7,情感与互动,2024春晚小品押题《三胎》: 要来力！
两,7,其他,求求各位，不要再押题春晚小品了……: 关键是小品，这两个字那个字体现了说小品一定要搞笑的？？这不是刻板印象嘛
就算,7,情感与互动,2024春晚小品押题《三胎》: 平常要脚趾扣地就算了，过年的都不让我的脚趾休息休息，救命
rap,7,明星与节目,2024春晚小品押题《三胎》: rape段
儿子,7,其他,2024春晚小品押题《三胎》: 儿子和媳妇的负担你是一点儿不想啊
不够,7,吐槽与负面情绪,2024春晚小品押题《三胎》: ？二胎不够吗
段,7,春晚内容相关,【旧曲新歌奥密克戎】2022春晚押题相声: 这段是中国早期摇滚
幽默,7,春晚内容相关,2024春晚小品押题《三胎》: 我楞了一秒然后突然笑了哈哈哈哈幽默
减轻负担,7,春晚内容相关,2024春晚小品押题《三胎》: 那你咋不多生给儿子减轻负担咧
安排,7,春晚内容相关,2024春晚小品押题《三胎》: 经典误会/谎言开场，再安排最后结局真怀了
辣,7,春晚内容相关,2024春晚小品押题《三胎》: 好～～～～～～～～～辣！
过去,7,年度与时间,我想看这样的春晚: 哈哈哈哈哈哈哈哈哈什么好东西过去了，禹宙中欣！！
准备,7,春晚内容相关,2024春晚小品押题《三胎》: 60了，三个孩子就准备分家产咯
咯,7,其他,2025年春晚押题小品之《再见老登》: 煽情部分来咯
我家,7,其他,2024春晚小品押题《三胎》: 如果有泰裤辣我直接把我家电视砸掉
结果,7,春晚内容相关,2024春晚小品押题《三胎》: 六个人出钱养一两个孩子负担很重，结果是一两个人要照顾六个人负担更重
BGM,7,春晚内容相关,2024春晚小品押题《三胎》: BGM对味
嘻,7,情感与互动,2024春晚小品押题《三胎》: 笑嘻了
左边,7,春晚内容相关,2024春晚小品押题《三胎》: 左边女的演出了贾玲的感觉
拉满,7,春晚内容相关,2024春晚小品押题《三胎》: 很春晚！节目效果拉满
心脏,7,其他,2024春晚小品押题《三胎》: 心脏骤停
骤停,7,春晚内容相关,2024春晚小品押题《三胎》: 心脏骤停
过多,7,吐槽与负面情绪,2024春晚小品押题《三胎》: 要素过多
质量,7,吐槽与负面情绪,【旧曲新歌奥密克戎】2022春晚押题相声: 这质量可以啊
买,7,其他,papi酱的春晚预测: 从2022年来的，有疫情，买口罩！
出院,7,其他,无偿送给今年的春晚导演组: 出院!
不管,7,其他,2024春晚小品押题《三胎》: 你不管现在生孩子养孩子的负担是吧
以后,7,年度与时间,2024春晚小品押题《三胎》: 搞得好像生的多以后就会有人养似的说不定到时候还是得靠自己的存款养老
胃,7,其他,我想看这样的春晚: 卧槽，太对我胃口，这不管年轻人老年人可都是太喜欢了
出去,7,其他,8秒看完2025年春晚: 出去吃
变成,7,春晚内容相关,2024春晚小品饱和式押题第一季！饺砸一次包个够~~: 突然变成科幻片了
憋不住,7,吐槽与负面情绪,2024春晚小品饱和式押题第一季！饺砸一次包个够~~: 看到左边快憋不住了哈哈哈哈哈哈
看得,7,情感与互动,2024春晚小品饱和式押题第一季！饺砸一次包个够~~: 看得出左边这个要绷不住了
衣服,7,其他,2024春晚小品饱和式押题第一季！饺砸一次包个够~~: 对不起，他说生了我还以为他从衣服底下拿出来一堆饺子（
阶段,7,年度与时间,2024春晚小品饱和式押题第一季！饺砸一次包个够~~: boss进入第二阶段
只要,7,其他,2024春晚小品饱和式押题第一季！饺砸一次包个够~~: 疯狂押题，只要压的多，就一定会压中
隔壁,7,其他,2024春晚小品饱和式押题第一季！饺砸一次包个够~~: 这是隔壁吴老二吧
加班,7,其他,2024春晚小品饱和式押题第一季！饺砸一次包个够~~: 加班不该给加班费吗？
张译,7,明星与节目,2024春晚小品饱和式押题第一季！饺砸一次包个够~~: 张译既视感
配音,7,春晚内容相关,二进制小品: 后面的帮布请你配音吧
单身,7,其他,2024春晚小品饱和式押题第一季！饺砸一次包个够~~: 横批单身是狗
终于,7,情感与互动,2024春晚小品饱和式押题第一季！饺砸一次包个够~~: 终于看到催婚了
有个,7,其他,你觉得今年春晚最有可能出现哪些梗？: 有个锤子才，这不赵本山和宋丹丹吗？
小时,7,年度与时间,我想看这样的春晚: 妈呀直接往这个席上放个摄像头 我直接看五小时
熟悉,7,情感与互动,2024春晚小品饱和式押题第一季！饺砸一次包个够~~: 好熟悉。。。
脚,7,其他,无偿送给今年的春晚导演组: 脚指头已经开始三室一厅了
讽刺,7,吐槽与负面情绪,2024春晚小品饱和式押题第一季！饺砸一次包个够~~: 能不能来个讽刺遛狗不牵绳的 
中文,7,其他,2025年春晚押题小品之《再见老登》: 将军也不容易啊  全程中文
豆角,7,其他,2025年春晚押题小品之《再见老登》: 豆角真的蚌埠组了
麦克阿瑟,7,其他,2025年春晚押题小品之《再见老登》: 麦克阿瑟FC
嗷,7,情感与互动,史上最尬！逆天吐槽2023兔年春晚，语言类节目实至名归！: 我绞嗷
太棒了,7,情感与互动,2025年春晚押题小品之《再见老登》: 这豆角可太棒了
前方,7,其他,【旧曲新歌奥密克戎】2022春晚押题相声: 前方核能
搁,7,其他,2025年春晚押题小品之《再见老登》: 你俩搁这儿押题呢？
晚会,7,春晚内容相关,2025年春晚押题小品之《再见老登》: 笑死，真的像是春晚会出的节目
金,7,春晚内容相关,papi酱的春晚预测: 那个说伊万布拉金斯基的给我站住！露厨一生一起走
坷垃,7,其他,2025年春晚押题小品之《再见老登》: 金坷垃 金坷垃
无所谓,7,情感与互动,2025春晚小品预测，这届网友太有才了: 无所谓反正我不看
没意思,7,吐槽与负面情绪,2025春晚小品预测，这届网友太有才了: 现在春晚真没意思了，不如玩手机
广告,7,其他,有烂梗的春晚才叫过年呐: 这里是模仿那个Q宝广告
没错,7,情感与互动,2025春晚小品预测，这届网友太有才了: 没错，你以为会怎样？
成,7,其他,我想看这样的春晚: 哈哈哈哈，成毅杂技吗？
哇,7,情感与互动,你觉得今年春晚最有可能出现哪些梗？: 哇塞，这大制作
区别,7,其他,8秒看完2025年春晚: 真实，10年的活得和00后没什么区别
热度,7,情感与互动,8秒看完2025年春晚: 来来来，都给点热度，看看春晚怎么搞
讲,7,春晚内容相关,无偿送给今年的春晚导演组: 照理讲，也可以切入连线父母的桥段了。
鬼,7,其他,《2025年蛇年春晚烂梗小品精选》: 耿鬼
来看,7,情感与互动,二模卷成功押中春晚真题  看看是怎么个事儿2024春晚小品押题二模卷《小土豆与锅包肉》: 回来看
秦岚,7,明星与节目,papi酱的春晚预测: 救命，孙涛和秦岚的那个小品
张颂文,7,明星与节目,我想看这样的春晚: 我去啊啊啊啊啊张颂文张译我的椰奶
警告,7,吐槽与负面情绪,papi酱的春晚预测: 只因警告
吼吼,7,情感与互动,papi酱的春晚预测: 吼吼吼吼吼吼吼吼吼吼吼吼吼吼吼
呜,7,情感与互动,我想看这样的春晚: 还有人记得我们三小只，呜呜呜
全部,7,其他,papi酱的春晚预测: 全部压中
好多,7,情感与互动,无偿送给今年的春晚导演组: 精神状态好多了
下去,7,情感与互动,二模卷成功押中春晚真题  看看是怎么个事儿2024春晚小品押题二模卷《小土豆与锅包肉》: 要说尬的还真不如照相馆，这虽然玩烂梗，但起码还看得下去
diss,7,吐槽与负面情绪,《2025年蛇年春晚烂梗小品精选》: 我要diss你
广告位,7,其他,《2025年蛇年春晚烂梗小品精选》: 哪来的广告位招商。
崩,7,吐槽与负面情绪,无偿送给今年的春晚导演组: 实在没活可以咬打火机  怕崩嘴可以咬没气的
张小丽,7,明星与节目,《2025年蛇年春晚烂梗小品精选》: 小头爸爸，张小丽，小丸子，图图，大头怪婴
好活,7,春晚内容相关,《2025年蛇年春晚烂梗小品精选》: 好活
礼崩乐坏,7,吐槽与负面情绪,【旧曲新歌奥密克戎】2022春晚押题相声: 我先来，礼崩乐坏
冰冰,7,明星与节目,【旧曲新歌奥密克戎】2022春晚押题相声: 最近疫情严重，我让冰冰在家不去上班（doge）
摇滚,7,明星与节目,【旧曲新歌奥密克戎】2022春晚押题相声: 新长征路上的摇滚！！！
一共,7,春晚内容相关,二模卷成功押中春晚真题  看看是怎么个事儿2024春晚小品押题二模卷《小土豆与锅包肉》: 一块(每块的意思)和一块(一共的意思)
一块儿,7,情感与互动,二模卷成功押中春晚真题  看看是怎么个事儿2024春晚小品押题二模卷《小土豆与锅包肉》: 第一个一块儿是就一个，第二个一块儿是全部一起
进制,7,其他,二进制小品: 饺进制小品
四六级,7,其他,你觉得今年春晚最有可能出现哪些梗？: 熟悉的四六级听力耳机
大赛,7,春晚内容相关,史上最尬！逆天吐槽2023兔年春晚，语言类节目实至名归！: 有一说一马旭东在喜剧大赛里表演真的好，演的村长真的笑死我
歌,7,春晚内容相关,我想看这样的春晚: 支持情歌对唱！！！！！！
人见人爱,7,情感与互动,史上最尬！逆天吐槽2023兔年春晚，语言类节目实至名归！: 《人见人爱》
看点,7,春晚内容相关,史上最尬！逆天吐槽2023兔年春晚，语言类节目实至名归！: 也就秦岚好看是看点了
豹猫,7,其他,我想看这样的春晚: 支持啊啊啊！豹豹猫猫！
成毅来,7,明星与节目,我想看这样的春晚: 成毅来个杂技哈哈哈哈确实可以
能活,6,吐槽与负面情绪,2024春晚小品押题《三胎》: 没关系，可能活不到八十呢
久,6,年度与时间,2024春晚小品押题《三胎》: 能活那么久吗
仨,6,春晚内容相关,2024春晚小品押题《三胎》: 十八十八，两年生仨
考研,6,其他,2024春晚小品押题《三胎》: 考研英语一图画作文：《养老踢皮球》
弹幕,6,情感与互动,2024春晚小品押题《三胎》: 一直都没笑，直到弹幕有人说“二战转折点”，我tm笑死了好哈哈哈哈哈哈哈哈哈哈
哪吒,6,明星与节目,2024春晚小品押题《三胎》: 哪吒这个太巧妙了现在的春晚编剧想不出来的
六个,6,其他,2024春晚小品押题《三胎》: 孩子：我生出来的意义就是为了照顾你六个呗？
明年,6,年度与时间,2024春晚小品押题《三胎》: 刚满18这个梗太新了明年才会用
生个,6,其他,《2025年蛇年春晚烂梗小品精选》: 生个水蛇腰小男娘出来
蜂蜜,6,其他,2024春晚小品押题《三胎》: 有俩蜂蜜水？
9,6,年度与时间,我想看这样的春晚: 9月！！！！！！！！！算你有品
生就,6,其他,《2025年蛇年春晚烂梗小品精选》: 我感觉可以就大学生就业展开
名,6,明星与节目,papi酱的春晚预测: 我只能说现在这些名场面演员差不多都退出春晚舞台了 现在大部分是流量
这集,6,春晚内容相关,2024春晚小品押题《三胎》: 这集我好像看过
合着,6,情感与互动,2024春晚小品押题《三胎》: 合着人不死呗（
狗头,6,春晚内容相关,2024春晚小品押题《三胎》: 语气不够跌宕起伏，差评【狗头】
一半,6,其他,2024春晚小品押题《三胎》: 那死一半不就行了
牛魔,6,其他,2024春晚小品押题《三胎》: 牛魔的一上来就血压飙升
咱们,6,情感与互动,2024春晚小品押题《三胎》: 咱们一起生三胎
抠出,6,吐槽与负面情绪,2024春晚小品押题《三胎》: 不行了，要抠出三室一厅了
父母,6,情感与互动,2024春晚小品押题《三胎》: 那就给父母加重负担呗
四,6,年度与时间,2024春晚小品押题《三胎》: 现在就四吧
扣分,6,吐槽与负面情绪,2024春晚小品押题《三胎》: 这里应该是太烦了，死字会扣分的，要注意
说得好,6,情感与互动,2024春晚小品押题《三胎》: 说得好，无论男女都不是为了给社会提供劳动力结婚生子的
社会,6,春晚主题,2024春晚小品押题《三胎》: 说得好，无论男女都不是为了给社会提供劳动力结婚生子的
到时候,6,年度与时间,2024春晚小品押题《三胎》: 不会很重啊，到时候你们这些老的都四了
时事,6,其他,2024春晚小品押题《三胎》: 这不上可以了，比大部分小品都好，还有时事热点
典,6,春晚内容相关,史上最尬！逆天吐槽2023兔年春晚，语言类节目实至名归！: 脱口秀这种艺术形式本就不适合大型典礼
抱歉,6,情感与互动,2024春晚小品押题《三胎》: 没甩籽还真是抱歉了呢
喜,6,情感与互动,无偿送给今年的春晚导演组: 又到了我最不喜欢的全球变暖环节（恼）
算是,6,其他,2024春晚小品押题《三胎》: md女生30岁生孩子算是高龄产妇了吧？？？
冷,6,吐槽与负面情绪,【旧曲新歌奥密克戎】2022春晚押题相声: 为什么不唱tb大鼓，气抖冷(
干脆,6,情感与互动,2024春晚小品押题《三胎》: 那干脆生6个，一人照顾一个
太牛,6,情感与互动,2024春晚小品押题《三胎》: 我去太牛了
金靖,6,明星与节目,2024春晚小品押题《三胎》: 金靖儿
线到,6,其他,2024春晚小品押题《三胎》: 斩杀线到了
第一,6,年度与时间,二模卷成功押中春晚真题  看看是怎么个事儿2024春晚小品押题二模卷《小土豆与锅包肉》: 第一个一块儿是就一个，第二个一块儿是全部一起
整,6,春晚内容相关,《2025年蛇年春晚烂梗小品精选》: 这个图把我整笑了
顺口溜,6,春晚内容相关,2024春晚小品押题《三胎》: 为啥每次小品开头都整顺口溜？真的没劲
坚持,6,春晚主题,2024春晚小品押题《三胎》: 坚持一秒都是煎熬
疯,6,吐槽与负面情绪,史上最尬！逆天吐槽2023兔年春晚，语言类节目实至名归！: 脱口秀本来就是小众的，导演也是疯子
一黑,6,吐槽与负面情绪,2024春晚小品押题《三胎》: 两眼一黑
石,6,其他,史上最尬！逆天吐槽2023兔年春晚，语言类节目实至名归！: 拉石可以，不要让我赤石
史,6,其他,2024春晚小品饱和式押题第一季！饺砸一次包个够~~: 《一大坨史》
年夜饭,6,春晚内容相关,2024春晚小品饱和式押题第一季！饺砸一次包个够~~: 耐克牌年夜饭
区,6,其他,二模卷成功押中春晚真题  看看是怎么个事儿2024春晚小品押题二模卷《小土豆与锅包肉》: 区别在哪里！！
主,6,春晚内容相关,papi酱的春晚预测: 2024霍主任进papi演播室考古
幸福,6,情感与互动,2024春晚小品饱和式押题第一季！饺砸一次包个够~~: 构思《幸福照相馆》
陈佩斯,6,明星与节目,2024春晚小品饱和式押题第一季！饺砸一次包个够~~: 这动作有点像陈佩斯
词,6,春晚内容相关,求求各位，不要再押题春晚小品了……: 包饺子不就是强行和好的代名词嘛
郭子,6,明星与节目,2024春晚小品饱和式押题第一季！饺砸一次包个够~~: 流水的媳妇，铁打的郭子
生理,6,其他,2024春晚小品饱和式押题第一季！饺砸一次包个够~~: 心里不适变成生理不适了
疯狂,6,吐槽与负面情绪,2024春晚小品饱和式押题第一季！饺砸一次包个够~~: 疯狂押题，只要压的多，就一定会压中
之前,6,年度与时间,2024春晚小品饱和式押题第一季！饺砸一次包个够~~: 诶诶诶，这个小品之前真有还挺老，是郭达演的
拼,6,春晚内容相关,我想看这样的春晚: 哈哈哈哈哈正是拼的年纪
不过,6,情感与互动,2025春晚小品预测，这届网友太有才了: 催婚，催生，不过一贯习惯，不看
人家,6,其他,2025春晚小品预测，这届网友太有才了: 给的不够一顿饭，编的又没人家演的有意思
憋,6,吐槽与负面情绪,2024春晚小品饱和式押题第一季！饺砸一次包个够~~: 看到左边快憋不住了哈哈哈哈哈哈
复杂,6,春晚内容相关,2025年春晚押题小品之《再见老登》: 成分复杂
非常,6,情感与互动,2024春晚小品饱和式押题第一季！饺砸一次包个够~~: 非常夫妻像（2024嗑一口）
bushi,6,其他,2024春晚小品饱和式押题第一季！饺砸一次包个够~~: 24年穿越回来，我嗑一口（bushi）
天呐,6,情感与互动,2024春晚小品饱和式押题第一季！饺砸一次包个够~~: 我滴天呐 我还得再听十分钟包饺砸！
刀,6,其他,二进制小品: 预言家，刀了
真正,6,情感与互动,2024春晚小品饱和式押题第一季！饺砸一次包个够~~: 看了11分钟，已经想吐了，很难想象真正看春晚的人的心情
念,6,情感与互动,2024春晚小品押题《三胎》: 应该念成“三十儿”
滚,6,吐槽与负面情绪,我想看这样的春晚: 支持！虞书欣和丁禹兮合唱！王鹤棣给我滚
正,6,年度与时间,2025春晚小品预测，这届网友太有才了: 反正我不看越来越没意思了。
难熬,6,情感与互动,2024春晚小品饱和式押题第一季！饺砸一次包个够~~: 难熬的20分钟
任何,6,其他,2024春晚小品饱和式押题第一季！饺砸一次包个够~~: 任何邪恶终将绳之以法
起手,6,春晚内容相关,有烂梗的春晚才叫过年呐: 经典单押起手
右下角,6,春晚内容相关,2025年春晚押题小品之《再见老登》: 我的注意力一直在右下角的外星人头套上
鼓掌,6,情感与互动,2025年春晚押题小品之《再见老登》: 传销式鼓掌
传,6,其他,papi酱的春晚预测: 只因？2023传越来的
成分,6,其他,《2025年蛇年春晚烂梗小品精选》: 成分复杂
坐,6,其他,我想看这样的春晚: 肖战王一博坐一桌！胡一天张云龙坐一桌！
毛病,6,吐槽与负面情绪,2025春晚小品预测，这届网友太有才了: 没毛病，去年确实比今年美好
没看,6,吐槽与负面情绪,求求各位，不要再押题春晚小品了……: 幸好没看
忘,6,情感与互动,2025春晚小品预测，这届网友太有才了:  生生不息 前面的一句忘了
粉丝,6,明星与节目,2025春晚小品预测，这届网友太有才了: 还真都是粉丝看，不然哪里来的播放量
从来不,6,吐槽与负面情绪,2025春晚小品预测，这届网友太有才了: 从来不看
越来越,6,情感与互动,2025春晚小品预测，这届网友太有才了: 反正我不看越来越没意思了。
反应,6,情感与互动,史上最尬！逆天吐槽2023兔年春晚，语言类节目实至名归！: 这哥们反应很真实
连,6,春晚内容相关,2025春晚小品预测，这届网友太有才了: 你连过节那个吉祥物绿毛虫都叫：巳升升，你觉得呢？
类节目,6,春晚内容相关,2025春晚小品预测，这届网友太有才了: 我认为今年春晚的语言类节目应该是以催生跟催婚为主题。
文明,6,春晚主题,2025春晚小品预测，这届网友太有才了: 我说过话，那春晚就应该是粗的带一点俗，但不是不文明的而是有限度的，能让人开怀笑的，现在是什么年终奖晚会吗？
名字,6,其他,2025春晚小品预测，这届网友太有才了: 没听明白吗，英文名字叫 没有好生活
我力,6,其他,《2025年蛇年春晚烂梗小品精选》: 啊呀！骇死我力！
现状,6,其他,8秒看完2025年春晚: 考研肖四押题现状
央视,6,春晚内容相关,papi酱的春晚预测: 给你们讲一个鬼故事（央视入驻b站了）
姬霓,6,其他,papi酱的春晚预测: 姬霓太美
日,6,年度与时间,8秒看完2025年春晚: 赶上了日本排放核污染水
依旧,6,春晚内容相关,papi酱的春晚预测: 尽管春晚没看，但是这台词依旧耳熟能详
幻视,6,春晚内容相关,papi酱的春晚预测: 只因（幻视
酱,6,其他,papi酱的春晚预测: papi酱太好玩了
2333333,6,情感与互动,papi酱的春晚预测: 2333333
背景,6,春晚内容相关,papi酱的春晚预测: 视频背景音录像的人忍不住的笑声
blue,6,其他,《2025年蛇年春晚烂梗小品精选》: 我blue被笑到了
要求,6,其他,《2025年蛇年春晚烂梗小品精选》: 真的，我唯一的要求就是不要出现city不city，但是我已经可以预料绝对会有。
手,6,其他,《2025年蛇年春晚烂梗小品精选》: 真在我最期待的日子催婚，别怪我顺手给吐槽区up提供素材。。。。
摇,6,春晚内容相关,2024春晚小品押题《三胎》: 饺子！饺子饺子饺子，饺子饺子饺子，饺子（摇头叹息
至少,6,其他,《2025年蛇年春晚烂梗小品精选》: 我至少还真笑了
迪士尼,6,其他,《2025年蛇年春晚烂梗小品精选》: 谢帝谢帝我要迪士尼
看吧,6,情感与互动,《2025年蛇年春晚烂梗小品精选》: 你一点都不累，快继续看吧(看到了传给下一个视频)
啥意思,6,吐槽与负面情绪,《2025年蛇年春晚烂梗小品精选》: 啥意思撒
经济,6,其他,《2025年蛇年春晚烂梗小品精选》: 经济条件。。。
头发,6,其他,《2025年蛇年春晚烂梗小品精选》: 你好你好你好，我的头发，是真发
中心,6,其他,《2025年蛇年春晚烂梗小品精选》: 中心主题：催婚催生，不能偏离主题
婚,6,其他,无偿送给今年的春晚导演组: 没有。所以我不结婚。
乐,6,情感与互动,2024春晚小品押题《三胎》: 音乐一出蚌埠住了
过于,6,吐槽与负面情绪,二模卷成功押中春晚真题  看看是怎么个事儿2024春晚小品押题二模卷《小土豆与锅包肉》: 小土豆的儿化音过于标准
大碟,6,春晚内容相关,【旧曲新歌奥密克戎】2022春晚押题相声: 原声大碟
感情,6,情感与互动,【旧曲新歌奥密克戎】2022春晚押题相声: 全是感情毫无技巧了属于是
哒,6,其他,【旧曲新歌奥密克戎】2022春晚押题相声: 他急的直蹦哒
眼睛,6,其他,【旧曲新歌奥密克戎】2022春晚押题相声: 眼睛瞎了
姐,6,其他,2024春晚小品押题《三胎》: 姐帮我去押高考题吧
矛盾,6,吐槽与负面情绪,二模卷成功押中春晚真题  看看是怎么个事儿2024春晚小品押题二模卷《小土豆与锅包肉》: 真的押的好啊，矛盾都一样
东北,6,其他,二模卷成功押中春晚真题  看看是怎么个事儿2024春晚小品押题二模卷《小土豆与锅包肉》: 文字游戏，东北这边方言一块儿有一起，总共的意思。
这位,6,其他,史上最尬！逆天吐槽2023兔年春晚，语言类节目实至名归！: 这位哥全场最佳
类,6,其他,二进制小品: 类目了
007,6,其他,你觉得今年春晚最有可能出现哪些梗？: 我甚至分不清谁是007了
制作,6,春晚内容相关,你觉得今年春晚最有可能出现哪些梗？: 大制作
真会,6,吐槽与负面情绪,你觉得今年春晚最有可能出现哪些梗？: 不是你真会啊
同行,6,春晚内容相关,史上最尬！逆天吐槽2023兔年春晚，语言类节目实至名归！: 这个只靠同行衬托了
衬托,6,春晚内容相关,史上最尬！逆天吐槽2023兔年春晚，语言类节目实至名归！: 这个只靠同行衬托了
4090ti,6,其他,史上最尬！逆天吐槽2023兔年春晚，语言类节目实至名归！: 4090ti发布会
歌舞,6,春晚内容相关,史上最尬！逆天吐槽2023兔年春晚，语言类节目实至名归！: 不过今年歌舞很精彩
长得,6,其他,史上最尬！逆天吐槽2023兔年春晚，语言类节目实至名归！: 长得好像王心凌
坑,6,吐槽与负面情绪,2024春晚小品饱和式押题第一季！饺砸一次包个够~~: 入坑作
豹,6,其他,我想看这样的春晚: 支持啊啊啊！豹豹猫猫！
九月,6,年度与时间,我想看这样的春晚: 啊啊啊李子柒！！！这个真喜欢！！！还有九月！！！
宇宙,6,其他,我想看这样的春晚: 宇宙中心啊啊啊啊啊啊
三角,6,其他,无偿送给今年的春晚导演组: 三角贸易
别结,6,其他,无偿送给今年的春晚导演组: 没意义，别结了
如潮,6,情感与互动,有烂梗的春晚才叫过年呐: 等叫他好评如潮
铁柱,6,其他,无偿送给今年的春晚导演组: 铁柱还是那个铁柱
踢,6,春晚内容相关,有烂梗的春晚才叫过年呐: 你算是踢到棉花啦
意识流,6,其他,求求各位，不要再押题春晚小品了……: 意识流小品
